3.54,2.11,0,0,0,-1,1,-1,0,0,1,0
2.42,3.14,0,0,0,-2,0,-1,0,0,0,-1
1.94,4.29,-1,1,2,0,0,-3,1,0,0,-2
2.37,3.11,0,0,0,-1,0,-1,0,0,0,-1
1.79,4.61,-1,1,0,0,1,0,0,0,0,0
1.74,5.05,-1,1,1,-1,1,0,0,-1,0,0
1.47,7.12,-1,1,0,0,2,-2,0,0,0,-2
3.14,2.34,0,0,0,0,0,-1,0,0,0,0
2.86,2.59,0,0,0,-2,0,-1,0,0,0,-1
2.07,3.66,0,0,0,-2,0,-1,0,-2,0,0
1.8,4.73,-1,1,0,-1,0,-1,0,-1,0,0
3.37,2.21,0,0,0,-1,2,-3,0,-1,2,0
2.04,3.98,0,0,0,-1,0,-1,0,-1,0,-1
2.66,2.88,0,0,0,-1,0,-1,0,-1,0,0
1.95,4.23,-1,1,2,-1,0,-1,1,-1,0,-1
1.9,4.3,-1,1,0,-1,0,-3,0,-1,0,-2
2.7,2.7,0,0,0,0,1,-1,0,0,1,0
2.32,3.24,0,0,0,0,0,0,0,0,0,0
3.34,2.16,0,0,0,-1,0,0,0,0,0,0
1.22,13.08,-2,2,1,-2,2,-2,0,-2,0,-2
2.3,3.27,0,0,0,-2,0,-1,0,0,0,-1
3,2.55,0,0,0,-1,0,-1,0,0,0,-1
3.14,2.34,0,0,0,-1,1,-2,0,-1,1,0
1.91,4.19,-1,1,0,-1,1,-1,0,-1,0,-1
2.27,3.25,0,0,0,-2,0,-1,0,0,0,-2
2.24,3.17,0,0,0,-1,1,-3,0,-2,1,0
7.15,1.51,1,-1,1,-3,0,0,2,0,0,0
1.99,3.89,-1,1,0,0,0,-2,0,0,0,0
1.95,4.19,-1,1,0,0,0,-1,0,0,0,-1
2.49,3.08,0,0,0,-1,0,-1,0,-1,0,0
2.45,3.15,0,0,0,0,1,-2,0,0,1,0
2.5,3.1,0,0,0,-1,0,-1,0,0,0,-1
1.77,4.73,-1,1,0,-1,0,0,0,-1,0,0
3.56,2.18,0,0,0,-2,0,-1,0,-1,0,0
2.96,2.54,0,0,0,0,0,0,0,0,0,0
3.25,2.3,0,0,1,-2,0,-1,1,0,0,0
2.98,2.55,0,0,0,-1,0,-2,0,0,0,-1
3.11,2.31,0,0,0,-1,0,-2,0,0,0,0
4.69,1.78,1,-1,0,-1,0,0,0,0,0,0
1.8,4.89,-1,1,0,-1,0,0,0,-1,0,0
2.46,2.82,0,0,0,0,0,-1,0,0,0,0
2.72,2.9,0,0,0,-1,0,0,0,-1,0,0
3.82,1.99,0,0,1,-2,0,-1,1,0,0,0
2.99,2.45,0,0,0,0,0,0,0,0,0,0
1.65,5.43,-1,1,0,-1,0,0,0,-1,0,0
1.77,4.76,-1,1,0,0,0,-1,0,0,0,-1
2.05,3.94,0,0,0,0,0,0,0,0,0,0
3.1,2.43,0,0,0,-1,1,0,0,0,1,0
2.61,2.86,0,0,0,-1,0,0,0,0,0,-1
1.98,3.82,-1,1,0,0,0,-1,0,-2,0,0
1.8,4.64,-1,1,1,0,0,0,0,0,0,0
3.95,1.98,1,-1,0,0,0,-1,0,-1,0,0
2.37,3.06,0,0,0,0,0,0,0,-1,0,0
2.05,3.74,0,0,0,0,0,0,0,0,0,-1
2.49,2.98,0,0,0,0,0,0,0,-1,0,0
2.3,3.46,0,0,0,0,0,-1,0,0,0,0
2.11,3.58,0,0,0,-1,0,0,0,0,0,0
2.36,3.19,0,0,0,-1,1,0,0,0,0,-1
1.65,5.55,-1,1,0,0,0,0,0,0,0,-2
2.05,3.92,0,0,0,0,0,0,0,0,0,-1
2.21,3.41,0,0,0,0,0,-2,0,0,0,-2
3.09,2.52,0,0,0,-3,0,-3,0,-2,0,0
1.99,3.72,0,0,0,-2,0,-2,0,-2,0,-2
2.03,3.67,0,0,1,-5,1,-2,0,-5,1,-1
3.02,2.54,0,0,1,-2,2,-4,1,-2,1,-1
4.12,1.89,1,-1,1,-2,1,-3,1,-1,1,0
2.38,3.07,0,0,0,-2,0,-3,0,0,0,-2
1.76,4.82,-1,1,1,-2,0,-2,0,-2,0,-2
2.2,3.43,0,0,0,-3,1,-5,0,0,0,-4
1.86,4.43,-1,1,3,-4,0,-2,0,-4,0,-1
1.67,5.55,-1,1,0,-1,3,-6,0,-1,0,-6
3.57,2.08,0,0,1,-3,0,-1,1,0,0,-1
2.91,2.56,0,0,0,-3,1,-2,0,0,0,-1
1.81,4.52,-1,1,2,-3,0,-3,0,-3,0,-1
6.64,1.5,1,-1,3,-7,2,-5,3,0,3,0
4.08,1.93,1,-1,0,-2,1,-2,0,0,1,0
1.95,4.26,-1,1,0,-3,0,-3,0,-3,0,-3
3.65,2.02,0,0,1,-4,0,-2,1,-1,0,0
2.32,3.12,0,0,0,-2,0,-2,0,0,0,-2
2.61,2.86,0,0,0,-2,0,-2,0,-1,0,0
2.49,3.07,0,0,0,-1,1,-2,0,0,0,0
2.84,2.62,0,0,0,-2,1,-5,0,-1,1,0
2.62,3.01,0,0,2,-4,0,0,1,-3,0,0
1.74,4.84,-1,1,1,-2,1,-3,0,-1,0,-3
2.15,3.39,0,0,1,-2,1,-4,1,0,0,-4
3.04,2.39,0,0,0,-3,1,-5,0,-3,1,0
3.17,2.27,0,0,4,-6,0,-3,4,0,0,-3
2.61,2.96,0,0,1,-4,1,-2,1,-1,0,-1
3.3,2.27,0,0,0,-2,3,-4,0,0,3,0
2.77,2.61,0,0,0,-1,0,-1,0,0,0,0
1.68,5.19,-1,1,2,-4,0,-2,0,-4,0,0
1.94,4.25,-1,1,0,-2,0,-2,0,-1,0,-2
2.41,3.31,0,0,2,-4,0,-4,1,-3,0,-2
3.3,2.3,0,0,0,-3,0,0,0,0,0,0
2.11,3.77,0,0,1,-3,1,-2,0,-2,0,0
3.12,2.41,0,0,0,-1,2,-2,0,0,2,0
1.64,5.47,-1,1,2,-4,1,-2,0,-4,0,-2
2.33,3.21,0,0,0,-4,0,-1,0,-2,0,-1
2.81,2.79,0,0,1,-2,0,-3,1,-2,0,0
4.93,1.67,1,-1,1,-4,2,-5,1,0,2,0
1.79,4.69,-1,1,0,-3,3,-6,0,0,0,-6
1.83,4.19,-1,1,0,-1,0,-2,0,-1,0,-2
1.87,4.18,-1,1,1,-5,0,-3,0,-5,0,-3
3.27,2.33,0,0,0,-3,0,-3,0,0,0,-1
2.83,2.85,0,0,1,-2,1,-4,1,-1,1,-1
1.92,4.34,-1,1,0,0,1,-3,0,0,0,-3
1.93,4.38,-1,1,2,-1,0,-1,0,-2,0,-1
2.86,2.66,0,0,0,-3,0,-3,0,-2,1,-1
1.77,4.58,-1,1,0,-1,0,-3,0,-1,0,-3
1.67,5.27,-1,1,3,-5,0,-1,0,-5,0,-1
2.37,3.12,0,0,0,-3,0,-4,0,-1,0,-4
2.7,2.83,0,0,1,-2,0,-3,1,-1,0,-3
2.21,3.21,0,0,1,-2,0,-1,1,0,0,-1
5.08,1.65,1,-1,2,-4,2,-4,2,0,2,0
2.46,3.13,0,0,0,-3,0,-3,0,-2,0,-1
2.06,3.73,0,0,0,-2,1,-4,0,-2,1,-1
3.42,2.09,0,0,1,-3,1,-5,1,0,1,0
2.61,3,0,0,1,-1,0,-4,1,-1,0,-2
4.14,1.91,1,-1,3,-6,0,-3,3,0,0,0
3.29,2.31,0,0,0,-3,2,-2,0,-2,2,0
3.22,2.27,0,0,0,-3,3,-5,0,0,3,0
2.26,3.39,0,0,0,-4,0,-3,0,-2,0,-1
1.75,4.95,-1,1,0,-2,1,-3,0,-2,0,-3
2.48,2.85,0,0,0,-3,1,-1,0,0,0,-2
2.4,3.15,0,0,0,-1,1,-2,0,0,0,-1
1.7,5.01,-1,1,0,-2,3,-6,0,0,0,-6
1.91,4.08,-1,1,3,-3,0,-2,0,-4,0,0
2.63,2.94,0,0,1,-3,0,-3,0,-3,0,-1
2.12,3.56,0,0,2,-2,0,-2,0,-2,0,0
1.83,4.4,-1,1,0,-5,1,-1,0,-5,0,0
2.05,3.76,0,0,0,-3,2,-4,0,0,0,-4
2.09,3.87,0,0,0,-4,0,-3,0,-3,0,-2
2.7,2.76,0,0,0,-3,1,-2,0,0,0,-1
2.86,2.64,0,0,1,-2,0,-2,0,-2,0,0
1.46,7.14,-1,1,2,-2,2,-3,0,-2,0,-3
2.05,3.75,0,0,0,-3,1,-1,0,-2,0,-1
2.1,3.66,0,0,0,-3,1,-3,0,0,0,-3
2.95,2.48,0,0,0,-3,3,-5,0,-2,3,0
2.94,2.58,0,0,0,-3,0,-3,0,-1,0,-1
1.93,4.26,-1,1,0,-3,1,-1,0,-1,0,0
1.65,5.53,-1,1,0,-2,3,-6,0,0,0,-6
1.84,4.35,-1,1,0,-5,0,-2,0,-5,0,-1
3.05,2.3,0,0,0,-1,0,-3,0,0,0,-1
1.58,5.95,-1,1,3,-4,0,-3,0,-4,0,-2
2.42,3.16,0,0,0,-2,0,-3,0,-2,0,-1
3.09,2.33,0,0,3,-5,0,-3,3,0,0,-3
2.72,2.67,0,0,1,-2,0,-3,1,0,0,-2
2.76,2.74,0,0,0,-4,1,-2,0,-1,1,0
2.84,2.66,0,0,1,-1,0,-2,1,-1,0,-2
3.95,2.06,0,0,1,-2,2,-3,1,-1,2,0
2.59,2.72,0,0,1,-1,0,-3,1,0,0,-2
1.47,6.66,-1,1,3,-5,0,-3,0,-5,0,-3
2.27,3.45,0,0,0,-3,0,-2,0,-2,0,-1
3.74,2.09,0,0,0,-3,3,-5,0,-1,3,0
2.48,2.74,0,0,0,-3,0,-4,0,-2,0,0
2.8,2.52,0,0,2,-3,0,-1,2,0,0,-1
2.35,3.11,0,0,1,-1,1,-2,1,0,1,0
2.24,3.32,0,0,0,-2,0,-3,0,-1,0,-2
1.28,10,-2,2,3,-5,2,-5,0,-5,0,-5
2.37,3.3,0,0,0,-3,1,-1,0,-1,0,-1
3.04,2.55,0,0,0,0,0,-2,0,0,0,-1
2.7,2.86,0,0,1,-3,3,-5,0,-3,3,0
3.13,2.43,0,0,0,-4,0,-3,0,-1,0,-1
1.94,4.26,-1,1,0,-2,1,-2,0,-1,0,-2
2.05,4.14,0,0,0,-2,1,-2,0,-2,0,-1
1.7,4.85,-1,1,0,-2,2,-3,0,-1,0,-3
2.4,3.08,0,0,0,-2,0,-4,0,0,0,-4
3.07,2.38,0,0,0,-2,0,-4,0,-1,0,0
2.21,3.39,0,0,0,-3,0,0,0,-1,0,0
1.86,4.16,-1,1,0,-4,0,-2,0,-4,0,0
2.16,3.66,0,0,0,-3,0,-2,0,-2,0,-1
3.41,2.22,0,0,0,-3,1,-3,0,0,1,0
2.44,3.25,0,0,0,-1,0,-3,0,-1,0,-2
4.54,1.79,1,-1,0,-3,3,-6,1,0,3,0
3.14,2.54,0,0,1,-2,0,-3,1,-1,0,-1
1.85,4.63,-1,1,2,-5,0,-2,0,-5,0,-1
2.89,2.46,0,0,1,-1,0,-3,0,-2,0,-1
2.57,2.98,0,0,1,-1,0,-2,1,0,0,-2
3.66,1.98,0,0,2,-7,1,-1,2,0,0,-1
2.19,3.47,0,0,0,-3,0,-3,0,-1,0,-2
2.31,3.32,0,0,0,-2,0,-3,0,-1,0,-3
2.23,3.74,0,0,0,-3,1,-1,0,-1,0,-1
1.91,4.13,-1,1,0,0,2,-6,0,0,0,-6
3.23,2.3,0,0,1,-1,0,-2,1,0,0,0
2.47,3.15,0,0,0,-3,1,-3,0,-1,0,-3
3.27,2.35,0,0,0,-3,2,-5,0,-2,2,0
2.73,2.88,0,0,0,-2,1,-1,0,0,1,0
1.69,5.33,-1,1,0,-3,0,-1,0,-2,0,-1
2.59,2.72,0,0,1,-3,0,-4,0,-3,0,0
2.85,2.79,0,0,0,-1,0,-3,1,0,0,-3
3.77,2.17,0,0,0,-2,0,-3,0,0,0,-1
3.66,1.99,0,0,0,-3,0,-4,0,0,0,-1
4.17,1.91,1,-1,2,-6,0,-3,2,0,0,-1
1.61,5.06,-1,1,0,-4,1,-1,0,-4,0,-1
3.65,2.12,0,0,2,-3,0,-2,2,0,0,-1
2.37,3.21,0,0,0,-3,0,-1,0,-1,0,-2
2.12,3.61,0,0,1,-3,0,-1,1,0,0,0
2.57,3.01,0,0,1,-1,0,-2,0,-1,0,-2
2.4,3.02,0,0,2,-4,3,-6,0,-5,3,0
2.03,4.19,0,0,0,-2,0,-3,0,-2,0,-2
3.43,2.26,0,0,0,-2,0,-3,0,0,0,-2
1.7,5.09,-1,1,0,-5,0,-2,0,-5,0,-1
2.11,4.03,0,0,0,0,0,-1,0,0,0,-1
4.29,1.9,1,-1,2,-6,0,-2,2,0,0,0
2.73,2.79,0,0,0,-1,1,-2,0,-1,1,0
2.51,3.03,0,0,0,-2,0,-2,0,0,0,-1
3.63,2.06,0,0,0,-1,0,-4,0,0,0,-1
2.85,2.7,0,0,0,-3,0,-2,0,-1,0,-2
3.41,2.2,0,0,1,0,2,-6,0,0,2,0
2.38,3.01,0,0,1,-3,0,-2,1,0,0,-2
1.78,4.77,-1,1,2,-5,0,0,0,-6,0,0
1.81,4.87,-1,1,1,-2,0,-1,0,-2,0,-1
2.02,3.97,0,0,0,-4,1,0,0,-3,1,0
1.96,4.14,-1,1,0,-3,2,-3,0,-1,0,-3
2.53,3.13,0,0,0,-1,0,-1,0,0,0,-1
2.74,2.7,0,0,0,-1,0,-3,0,-1,0,-2
1.53,6.35,-1,1,0,-2,0,-2,0,-2,0,-2
1.62,5.72,-1,1,2,-5,1,-3,0,-6,0,-3
3.2,2.21,0,0,1,-3,0,-6,0,-2,0,0
2.94,2.61,0,0,0,-3,0,-1,0,-1,0,0
3.6,2.1,0,0,0,-3,1,-6,0,-1,1,0
2.2,3.57,0,0,0,-2,0,-1,0,-1,0,0
2.82,2.75,0,0,2,-4,1,0,2,0,1,0
1.85,4.54,-1,1,0,-3,0,-2,0,-2,0,-1
1.53,6.28,-1,1,0,-5,0,-1,0,-5,0,0
2.16,3.4,0,0,1,-3,0,-2,0,-1,0,-1
3.26,2.32,0,0,0,-3,0,-1,0,0,0,-1
2.7,2.91,0,0,0,-1,1,-2,0,0,1,0
1.59,6.3,-1,1,1,-4,1,-3,0,-4,0,-3
2.7,2.85,0,0,0,-2,0,-2,0,0,0,-1
3.21,2.41,0,0,0,0,0,-3,0,0,0,0
2.67,2.78,0,0,0,-1,0,-2,0,0,0,-2
2.78,2.73,0,0,0,-1,0,-2,0,-1,0,-1
2.41,3.11,0,0,1,-2,0,-3,0,-3,0,-1
3.49,2.24,0,0,0,-1,0,-3,0,0,0,0
2.4,3.1,0,0,0,-2,0,-2,0,-1,0,-3
1.9,4.33,-1,1,1,-2,2,-3,0,-2,0,-3
2.11,3.68,0,0,0,0,0,-2,0,0,0,-2
2.54,3,0,0,0,-3,1,-2,0,-1,1,-1
3.1,2.43,0,0,0,-1,1,-5,0,-1,1,0
3.42,2.17,0,0,0,-2,1,-5,0,-1,1,0
1.75,4.74,-1,1,0,-6,1,-3,0,-5,1,0
1.89,4.57,-1,1,0,-2,0,-2,0,-1,0,-1
1.33,9.61,-2,2,1,-4,3,-6,0,-4,0,-6
2.98,2.71,0,0,0,-2,0,0,0,0,0,0
2.51,2.98,0,0,0,-1,0,-3,0,0,0,-2
1.91,4.26,-1,1,0,-3,1,-4,0,-2,0,-3
2.97,2.67,0,0,0,-2,0,0,0,0,0,0
4,2.32,0,0,2,-4,0,-1,2,0,0,0
2.56,3.26,0,0,1,-1,0,-1,0,0,0,-1
2.96,2.66,0,0,0,-2,0,0,0,0,0,0
1.73,4.85,-1,1,0,-3,0,-1,0,-3,0,-1
3.9,1.99,1,-1,0,-1,0,-6,0,0,0,0
2.67,2.89,0,0,0,0,0,-1,0,0,0,-1
1.48,6.89,-1,1,1,-5,0,-2,0,-6,0,-2
3.48,2.18,0,0,3,-7,0,-2,3,0,0,-2
2.98,2.5,0,0,1,-4,0,-3,1,0,0,-1
1.44,7.65,-1,1,0,-6,0,-3,0,-5,0,-2
2.67,2.77,0,0,0,0,1,-5,0,0,1,0
3.7,2.15,0,0,0,0,0,-3,0,0,0,0
1.73,5.25,-1,1,1,-6,0,-1,0,-6,0,-2
3.99,2.01,0,0,0,-4,1,-1,0,-1,1,-1
3.9,1.99,0,0,2,-7,0,0,2,0,0,-1
2.69,2.87,0,0,0,0,0,-2,0,0,0,-1
2.36,3.21,0,0,1,-4,0,-2,1,0,0,-2
2.74,2.78,0,0,0,0,0,-4,0,0,0,-4
3.24,2.42,0,0,1,-4,0,-6,0,-3,1,0
2.84,2.45,0,0,0,-2,0,-3,0,0,0,0
2.21,3.73,0,0,1,-1,0,-2,1,0,0,-2
3.02,2.45,0,0,0,-4,1,-1,0,0,1,-1
1.94,4.19,-1,1,0,-2,2,-6,0,0,0,-7
3.73,2.06,0,0,0,-1,0,-5,0,-1,0,0
1.91,4.12,-1,1,0,-3,0,0,0,-3,0,0
3.21,2.3,0,0,0,0,1,-6,0,0,1,0
1.74,5.14,-1,1,0,-1,2,-6,0,0,0,-7
2.37,3.59,0,0,0,-1,1,-1,0,0,0,-1
2.09,4.27,0,0,1,-1,0,0,0,0,0,0
3.05,2.8,0,0,0,-2,1,-4,0,0,0,-4
2.7,3.08,0,0,0,-2,1,-4,0,-2,1,-1
1.74,6.59,-1,1,1,-5,0,0,0,-5,0,0
1.56,9.7,-1,1,0,-3,0,-4,0,-3,0,-3
1.67,5.29,-1,1,0,-5,0,-2,0,-5,0,-2
3.78,2.1,0,0,0,-1,0,-4,0,0,0,0
2.15,3.91,0,0,0,-1,0,-3,0,0,0,-2
3.93,2.03,0,0,2,-7,0,-2,2,0,0,-1
3.65,2.13,0,0,0,-5,0,-1,0,-1,0,-1
1.99,4.02,-1,1,1,-3,0,-2,0,-3,0,-1
2.94,2.59,0,0,1,-4,1,-1,1,0,1,-1
2,4.15,-1,1,0,0,0,0,0,0,0,0
3.96,1.93,1,-1,0,-2,0,-6,0,0,0,0
2.19,3.92,0,0,1,-1,0,-2,1,0,0,-2
4.98,1.7,1,-1,0,0,1,-6,0,0,1,0
2.56,2.79,0,0,0,-3,0,-4,0,-1,0,0
1.75,4.68,-1,1,1,-4,0,-3,0,-6,0,-4
1.82,4.75,-1,1,0,-4,0,-2,0,-4,0,0
3.77,2.07,1,-1,1,0,1,-5,1,0,1,0
1.78,4.91,-1,1,1,-1,2,-5,1,0,0,-7
1.47,6.55,-1,1,2,-5,0,-4,0,-5,0,-4
2.87,3.06,0,0,0,0,1,-4,0,0,1,-1
3.45,2.91,0,0,0,-3,0,-2,0,-1,0,-2
2.52,3.86,0,0,0,-1,0,-3,0,0,0,0
1.94,4.69,-1,1,1,0,0,-1,0,0,0,-1
3.09,2.34,0,0,1,-2,0,-5,1,0,0,0
2.21,3.79,0,0,0,-1,1,-3,0,0,0,-3
3.94,2.01,0,0,0,-5,0,-3,0,-1,0,-3
3.5,2.29,0,0,0,-3,0,-1,0,-1,0,0
2.17,3.59,0,0,0,-3,0,-3,0,-2,0,-2
1.62,6.05,-1,1,1,-4,0,-4,0,-3,0,-4
5.81,1.61,1,-1,0,-2,2,-6,0,0,2,0
3.05,2.53,0,0,0,-3,1,-2,1,0,0,-1
4.39,1.85,1,-1,2,-6,0,0,2,0,0,0
2.83,2.67,0,0,0,-4,0,-1,0,0,0,-1
1.68,5.57,-1,1,2,-5,0,-3,0,-5,0,-2
2.28,3.4,0,0,0,-3,0,-1,0,0,0,-1
2.14,3.76,0,0,0,-1,2,0,0,-1,0,0
2.92,2.47,0,0,0,-2,1,-2,0,0,0,-2
2.29,3.3,0,0,0,-5,1,-1,0,-5,1,0
3.31,2.24,0,0,0,-3,0,-5,0,-4,0,0
2.64,3.03,0,0,0,-3,0,-1,0,-2,0,-1
2.76,2.63,0,0,0,-5,0,-5,0,-4,0,0
2.31,3.21,0,0,0,-2,0,-3,0,0,0,-2
1.71,5.66,-1,1,0,-1,0,-5,0,-1,0,-5
1.88,4.7,-1,1,2,-6,0,-1,0,-6,0,-1
3.36,2.26,0,0,0,-4,1,0,0,0,1,0
2.82,2.66,0,0,1,-2,1,-2,1,0,0,-2
2.64,2.89,0,0,0,-5,0,-1,0,-3,0,0
2.17,3.6,0,0,0,-2,2,0,0,-3,0,0
2.14,3.79,0,0,0,-3,1,-1,0,0,0,0
2.45,3.32,0,0,0,-3,0,-3,0,0,0,-2
8.41,1.36,1,-1,3,-5,3,-5,2,0,3,0
2.31,3.43,0,0,1,-1,0,-2,1,-1,0,-2
2.13,3.83,0,0,0,-1,0,-3,0,-1,0,-1
2.96,2.59,0,0,2,0,0,-4,2,0,1,-1
2.53,2.98,0,0,0,-3,1,-2,0,-1,0,-2
1.9,4.49,-1,1,0,-1,0,-3,0,0,0,-3
2.33,3.11,0,0,1,0,0,-2,0,0,0,0
2.18,3.35,0,0,4,-4,2,-6,0,-5,2,0
1.39,8.39,-1,1,0,-4,3,-5,0,-5,0,-6
2.94,2.47,0,0,1,-2,0,-3,1,0,0,-3
4.44,1.82,1,-1,0,-6,0,-4,0,0,0,0
2.49,2.96,0,0,0,-3,0,-3,0,-1,0,-4
2.58,3.04,0,0,0,-2,0,-2,0,0,0,0
3.61,2.14,0,0,0,-2,0,-1,0,-1,0,0
1.92,4.39,-1,1,0,-4,0,-2,0,-5,0,-1
2.63,3,0,0,1,-1,0,-2,1,-1,0,0
1.64,5.68,-1,1,0,-2,2,-6,0,0,0,-6
4.56,2.2,0,0,1,-5,1,-1,1,0,0,-1
1.34,9.66,-1,1,4,-4,0,-4,0,-4,0,-3
1.96,4.72,-1,1,1,0,0,-3,0,0,0,-2
3.96,2.14,0,0,0,-2,1,-3,0,0,1,0
1.92,5.33,-1,1,0,-2,1,-1,0,0,0,-1
2.53,3.14,0,0,2,0,0,-2,2,0,0,-1
2.44,3.47,0,0,0,-2,0,-4,0,-2,0,-1
2.93,2.54,0,0,0,-2,0,-2,0,-2,0,0
1.6,5.52,-1,1,1,-1,2,-5,1,0,0,-5
1.87,4.62,-1,1,0,-3,0,-2,0,-1,0,-1
3.76,2.17,0,0,0,-2,2,-6,0,-2,2,0
3.68,2.16,0,0,0,-4,0,-2,0,0,0,0
2.04,3.81,0,0,1,-2,0,-2,1,-1,0,-1
2.23,4.46,0,0,0,-4,0,-3,0,-3,0,-2
2.9,2.94,0,0,0,-3,1,-1,0,-1,0,0
3.1,2.51,0,0,0,-1,0,-5,0,-1,0,0
3.52,2.25,0,0,2,-6,0,-2,2,0,0,-2
2.2,3.45,0,0,1,-3,0,-3,0,-3,0,-2
2.69,2.95,0,0,0,-3,1,-1,0,-1,1,0
2.28,3.74,0,0,1,-2,1,-5,1,0,0,-5
5.93,1.57,1,-1,0,-4,4,-4,0,-1,4,0
2.43,3.22,0,0,0,-1,0,-3,0,-1,0,-2
3.14,2.48,0,0,0,-3,2,0,0,0,0,0
2,4.12,-1,1,0,-3,0,-2,0,-2,0,-2
3.85,2.08,0,0,0,-2,2,-4,0,-1,2,0
5.26,1.67,1,-1,0,-3,0,-5,0,0,0,0
2.06,3.81,0,0,1,-3,0,-2,0,-2,0,0
5.4,1.65,1,-1,2,-6,0,-3,2,0,0,-1
2.58,3,0,0,1,-2,1,-1,1,-1,0,0
4.63,1.8,1,-1,0,-3,5,-3,0,-1,4,0
1.76,4.77,-1,1,0,-1,1,-4,0,-1,0,-4
3.36,2.31,0,0,1,-2,1,-1,1,0,1,0
2.85,2.68,0,0,1,-4,0,-2,1,-1,0,-1
1.66,5.66,-1,1,2,-3,1,-3,0,-6,0,-2
1.71,5.33,-1,1,2,0,3,-5,2,0,0,-5
2.39,3.33,0,0,0,-3,0,-2,0,-1,0,-2
1.49,6.52,-1,1,5,-3,0,-2,0,-4,0,0
1.72,5.17,-1,1,1,-3,1,-3,0,-2,0,-2
3.27,2.55,0,0,0,-1,0,-3,0,-1,0,-1
2.19,3.48,0,0,1,-1,1,-1,0,-1,0,-1
2.55,2.79,0,0,1,-4,1,-2,1,0,0,-3
2.48,3.03,0,0,0,-3,0,-2,0,0,0,-3
1.68,5.96,-1,1,1,-4,1,-2,0,-5,0,-2
2.51,3.15,0,0,0,-2,0,-1,0,-2,0,0
4.65,1.78,1,-1,3,-5,0,-2,3,0,0,-1
2.33,3.34,0,0,0,-1,1,-2,0,-1,0,-2
1.56,6.62,-1,1,1,-5,1,-4,0,-5,0,-3
2.01,3.88,0,0,1,-2,0,-3,0,-1,0,0
4.63,1.76,1,-1,0,-3,5,-4,0,0,5,0
2.24,3.32,0,0,1,-1,2,-1,0,-1,0,0
2.22,3.61,0,0,0,-1,1,-4,0,-1,0,-3
3.56,2.19,0,0,1,-4,0,-3,1,0,0,-2
2.23,3.52,0,0,0,-2,0,-2,0,0,0,-2
2.25,3.35,0,0,1,-3,1,-1,0,-3,1,0
3.21,2.45,0,0,1,-2,0,-2,1,0,0,0
4.24,1.9,1,-1,0,-2,2,-4,0,-1,2,0
3.71,2.14,0,0,0,-3,1,-5,0,-3,1,0
3.6,2.09,0,0,0,-2,1,-3,0,0,1,-1
2.18,3.66,0,0,2,-1,1,-3,2,-1,0,-4
1.69,4.91,-1,1,1,-2,4,-5,1,0,0,-5
3.12,2.3,0,0,1,-2,1,-1,0,-1,1,0
1.87,4.49,-1,1,0,-1,1,-2,0,-2,0,-3
2.11,3.74,0,0,1,-1,0,-2,0,-1,0,-2
2.14,3.85,0,0,0,-2,0,-1,0,-1,0,0
2.61,2.8,0,0,1,-4,0,-1,1,-1,0,-1
2.88,2.66,0,0,1,-4,0,-1,1,-1,0,0
1.63,5.81,-1,1,3,-4,1,-2,0,-5,0,-2
1.42,7.67,-1,1,6,-3,1,-2,0,-4,0,-1
1.78,4.95,-1,1,1,-5,1,-1,0,-5,1,0
3.18,2.48,0,0,0,-1,0,-2,0,-1,0,0
3.44,2.22,0,0,1,-3,1,-3,1,0,0,-2
2.25,3.22,0,0,0,-1,1,-4,0,-1,0,-4
1.63,6.25,-1,1,1,-1,2,-1,0,0,0,0
4.18,1.9,1,-1,1,-3,3,-4,1,0,2,0
2.53,2.92,0,0,0,-1,1,-2,0,-1,1,-1
2.04,3.86,0,0,1,-3,0,-2,0,-3,0,0
2.61,3.07,0,0,1,-2,1,-3,1,-1,0,-2
5.37,1.62,1,-1,0,-1,5,-4,0,0,5,0
2.82,2.79,0,0,1,-3,0,-2,1,0,0,-1
3.4,2.2,0,0,4,-5,0,-2,4,0,0,-2
4.57,1.8,1,-1,1,-1,1,-1,1,0,1,0
2.9,2.58,0,0,1,-4,0,-2,1,0,0,0
2.51,2.71,0,0,1,-3,0,-1,1,-1,0,0
2.54,2.85,0,0,1,-2,1,-2,1,-1,0,-1
2.21,3.46,0,0,1,-2,1,-1,0,-1,0,-1
2.04,3.78,0,0,1,-2,0,0,0,-1,0,0
1.58,6.34,-1,1,3,-4,0,0,0,-5,0,0
4.79,1.77,1,-1,0,-2,1,-5,0,0,1,0
1.48,7.52,-1,1,0,-1,3,-5,0,-2,0,-5
2.1,3.65,0,0,0,-2,0,-1,0,-2,0,0
2.14,3.73,0,0,1,-3,2,-1,1,-1,0,-1
2.15,3.69,0,0,0,-2,2,-2,0,-1,0,-3
1.94,4.51,-1,1,1,-3,1,-3,1,0,0,-3
2.04,3.63,0,0,6,-3,2,-1,0,-4,2,0
2.72,2.76,0,0,1,-1,1,-3,1,-1,0,-3
3.45,2.23,0,0,0,-2,1,-3,1,-1,1,0
2.19,3.28,0,0,5,-3,2,-5,0,-3,2,0
1.63,5.6,-1,1,2,-5,0,0,0,-5,0,0
2.69,2.61,0,0,1,-4,1,-2,1,-1,1,-1
3.04,2.5,0,0,2,-2,1,-1,2,0,0,-1
1.84,4.29,-1,1,0,-2,0,-1,0,-3,0,0
2.56,2.81,0,0,1,-1,0,-1,1,-1,0,0
4.67,1.78,1,-1,0,-1,2,-1,0,0,2,0
2.66,2.69,0,0,2,-6,1,-3,3,0,0,-3
2.71,2.86,0,0,0,-2,0,-2,0,-1,0,-1
2.63,2.97,0,0,0,-3,1,-3,0,0,0,-2
3.79,2.03,0,0,2,-1,1,-3,2,0,1,0
3.38,2.16,0,0,1,-2,0,-2,1,0,0,-1
2.26,3.18,0,0,3,-1,2,-5,0,-1,2,0
1.72,5.06,-1,1,0,-1,2,-5,0,0,0,-5
2.12,3.58,0,0,1,-2,2,-1,0,-1,0,-1
2.53,3.09,0,0,1,-3,0,-1,1,-1,0,-1
2.32,3.29,0,0,0,-2,2,-2,0,-1,0,-2
1.7,6.01,-1,1,1,-3,1,-1,0,-3,0,-1
1.5,7.4,-1,1,2,-5,1,-1,0,-5,0,-1
2.22,3.65,0,0,1,-1,0,-3,1,0,0,-3
2.83,2.6,0,0,0,-1,1,-4,0,-1,0,-3
4.48,1.72,1,-1,0,-2,4,-3,0,-1,5,0
2.14,3.5,0,0,0,-2,0,-3,0,-1,0,0
3.77,2.03,0,0,1,-2,1,-2,1,0,0,-2
1.65,5.12,-1,1,2,-4,1,-2,0,-5,0,-1
1.99,3.86,-1,1,1,-3,1,-2,0,-1,0,-2
2.61,2.78,0,0,1,-1,0,-1,1,0,0,0
2.3,3.27,0,0,2,-5,2,-5,0,-5,2,0
2.51,3.04,0,0,0,-1,1,-1,0,-1,0,-1
5.21,1.7,1,-1,2,-5,2,-1,2,0,2,0
3.17,2.48,0,0,2,-2,1,-3,2,0,1,0
3.08,2.49,0,0,0,-3,1,-1,0,-3,0,-1
1.51,6.79,-1,1,5,-3,0,-2,0,-3,0,-1
3.74,2.41,0,0,0,-3,0,-2,0,0,0,-1
2.79,2.7,0,0,0,-3,1,-2,0,-1,1,-1
1.9,4.91,-1,1,1,-2,0,-2,1,0,0,-2
2.79,2.97,0,0,2,-1,0,-2,2,0,0,-1
2.66,2.61,0,0,1,0,0,-3,1,0,0,-2
1.52,6.19,-1,1,1,-2,0,-2,0,-1,0,-3
2.31,3.16,0,0,2,-4,0,-3,0,-5,0,0
2.18,3.16,0,0,1,-1,1,0,1,0,0,-1
3.03,2.28,0,0,1,-2,5,-3,0,-3,5,0
7.6,1.42,1,-1,0,-3,2,-5,0,0,2,0
1.55,6.02,-1,1,3,-1,0,0,0,-1,0,0
2.53,2.83,0,0,0,-2,1,-3,0,-1,0,-2
1.8,4.29,-1,1,0,-1,3,-4,0,-1,0,-5
2.79,2.47,0,0,0,-2,0,-3,0,-1,0,-2
2.3,3.17,0,0,1,0,0,-4,1,0,0,-3
2.25,3.29,0,0,1,-2,2,-2,1,0,0,-2
1.86,3.96,-1,1,0,-2,2,-1,0,-1,0,-1
2.7,2.82,0,0,3,-2,3,-5,0,-2,3,0
2.2,3.75,0,0,1,-2,0,-3,0,-2,0,0
1.88,4.15,-1,1,3,-4,3,-2,0,-4,3,0
2.74,2.74,0,0,0,-3,0,-2,0,-3,1,0
1.85,4.76,-1,1,2,-5,0,-3,0,-4,0,0
2.47,3.05,0,0,0,-2,0,-1,0,-1,0,0
2.05,3.95,0,0,0,-1,0,-3,0,0,0,-2
2.14,3.55,0,0,1,-3,0,-3,0,-2,0,-1
2.52,3.06,0,0,1,0,2,-2,1,0,0,-2
2.09,3.67,0,0,1,-1,1,-3,1,0,0,-2
2.41,3.27,0,0,0,-2,1,-2,0,-1,0,-2
2.26,3.45,0,0,1,-3,1,-2,1,-1,1,-1
1.94,4.51,-1,1,0,-2,1,-2,0,-2,0,-3
2.86,2.74,0,0,0,-4,0,-1,0,0,0,-1
2.07,3.88,0,0,0,-1,0,-1,0,-1,0,-1
2.33,3.28,0,0,0,-3,2,-1,0,-1,0,-2
2.92,2.6,0,0,0,-2,3,-3,1,0,3,-1
3.11,2.45,0,0,0,-3,0,-1,0,-2,0,-1
2.54,3,0,0,2,-2,2,-1,2,0,0,-1
2.29,3.3,0,0,0,-1,1,-1,0,-1,0,-1
2.28,3.36,0,0,0,-3,1,-3,0,-1,0,-3
2.79,2.68,0,0,0,-3,3,-2,0,0,2,-1
2.46,2.96,0,0,0,-1,1,-1,0,0,1,0
2.43,3.02,0,0,0,-3,1,-1,0,-2,0,-1
4.57,3.29,0,0,1,-3,0,-2,1,0,0,-1
2.64,4.37,0,0,1,-1,0,-1,1,0,0,0
2.25,3.47,0,0,1,-1,0,-3,1,0,0,-3
2.24,5.08,0,0,0,-2,1,-3,0,-1,0,-2
1.81,4.74,-1,1,0,-1,0,-1,0,0,0,-1
2.04,3.8,0,0,0,-1,0,-3,0,0,0,-2
2.88,2.65,0,0,1,0,0,-3,1,0,0,-1
2.81,3.87,0,0,1,0,0,-2,1,0,0,-2
3.42,4.33,0,0,0,-2,1,-3,0,-1,0,-3
2.25,5.37,-1,1,1,0,0,-1,1,0,0,-1
2.22,4.74,0,0,2,-2,0,-3,2,0,0,-2
2.51,3.34,0,0,0,-3,0,-1,0,-2,0,0
2.69,3.39,0,0,0,-1,0,-2,0,-1,0,-2
2.19,3.72,0,0,1,-1,0,0,1,0,0,0
1.92,7.73,-1,1,0,-2,0,0,0,0,0,0
2.2,3.41,0,0,0,-2,0,-1,0,-1,0,-1
2.39,3.4,0,0,1,-3,0,-1,1,0,0,0
2.28,3.31,0,0,0,0,0,-3,0,0,0,-1
1.7,5.24,-1,1,0,-2,1,0,0,-2,0,0
1.86,4.53,-1,1,0,-3,1,-2,0,-1,0,-2
2.92,2.38,0,0,0,-2,1,-1,0,-1,0,-1
2.1,3.62,0,0,0,-1,0,-1,0,-1,0,-1
1.58,5.93,-1,1,1,-1,1,-4,0,-1,0,-2
1.8,4.76,-1,1,1,-3,0,-1,0,-2,0,0
5.62,1.61,1,-1,0,-2,1,-3,0,0,1,0
3.81,2.79,0,0,0,-2,0,-2,0,0,0,-1
1.84,4.63,-1,1,0,-2,0,-1,0,-2,0,0
1.87,4.51,-1,1,0,-1,0,-1,0,-1,0,-1
2.64,2.82,0,0,1,-2,1,-3,1,0,0,-3
1.85,4.08,-1,1,1,-4,1,-1,0,-3,0,-1
1.5,6.88,-1,1,1,-1,0,-1,0,-1,0,-1
2.18,3.26,0,0,0,-2,1,-1,0,-1,0,-1
2.32,5.31,0,0,1,-2,0,-1,1,0,0,-1
2.58,2.97,0,0,0,-2,1,-4,0,0,0,-2
2.19,5.35,-1,1,0,0,0,-2,0,0,0,-1
1.7,5.5,-1,1,0,-4,0,-1,0,-2,0,-1
3.7,2.14,0,0,0,-3,1,-2,0,-1,1,0
4.65,2.7,0,0,0,-2,0,-3,0,0,0,-1
4.69,2.13,1,-1,0,-1,0,-2,0,0,0,0
2.05,3.79,0,0,1,-3,0,-2,1,0,0,-2
1.35,8.55,-1,1,1,-1,0,-2,0,-2,0,-1
2.55,2.96,0,0,0,-4,0,-1,1,-2,0,0
3.72,2.02,0,0,0,-2,1,-2,0,-1,1,0
2.97,2.53,0,0,0,-2,0,-2,0,0,0,0
2.92,2.47,0,0,0,-2,0,-5,0,-1,1,-1
2.17,3.54,0,0,0,-1,0,-2,0,0,0,-2
3.36,2.19,0,0,1,-1,0,-3,1,0,0,-2
3.46,2.26,0,0,0,-2,0,-5,0,0,0,-2
1.84,4.56,-1,1,0,-3,1,-1,0,-2,0,-2
1.84,4.77,-1,1,1,-1,1,-2,1,0,0,-2
1.62,5.45,-1,1,0,-1,0,0,0,-1,0,0
1.67,9.8,-1,1,0,-1,0,-2,0,-1,0,-1
3.13,14.78,1,-1,0,-3,0,-4,0,-1,0,-1
2.48,3.16,0,0,0,-2,0,-3,0,0,0,-1
2.3,3.3,0,0,0,-3,0,-2,0,-1,0,-1
1.6,7.26,-1,1,0,-4,0,-1,0,-3,0,-1
1.71,5.57,-1,1,0,-5,1,-1,0,-3,0,-1
2.38,3.29,0,0,0,-1,0,-2,0,0,0,-2
5.26,1.67,1,-1,1,-3,0,-1,1,0,0,0
2.28,3.56,0,0,0,-2,1,-3,0,0,0,-3
1.61,5.92,-1,1,1,-1,0,-2,0,-1,0,-2
2.34,3.1,0,0,0,-2,0,-1,0,-2,0,-1
3,2.49,0,0,1,-4,0,-1,0,-3,1,0
2.6,2.79,0,0,1,-3,0,-2,1,0,0,0
4.01,1.93,1,-1,0,-1,0,-1,0,0,0,0
2.09,3.56,0,0,0,-3,0,-3,0,-1,0,-2
2.29,3.27,0,0,0,-1,0,0,1,0,0,-1
2.67,2.84,0,0,0,-2,0,-6,0,-1,0,-2
4.91,1.7,1,-1,0,-1,0,-5,0,0,0,-1
2.17,3.54,0,0,0,-3,1,-2,0,0,0,-2
2.71,4.83,0,0,0,-2,0,-2,0,0,0,0
1.37,9.65,-1,1,1,0,0,-2,0,-1,0,-2
1.94,4.26,-1,1,0,-2,2,-2,0,-2,0,-3
2.37,3.38,0,0,0,-2,0,-1,0,0,0,-2
3.38,9.33,1,-1,0,-5,2,-4,0,-4,2,0
3.65,3.37,0,0,0,-2,3,-5,0,-2,3,0
2.62,3.49,0,0,0,-2,0,-1,0,-1,0,-1
3,2.56,0,0,0,-2,0,-3,0,0,0,-1
1.98,3.8,-1,1,1,-1,1,-1,1,0,0,-1
2.46,2.93,0,0,2,-2,1,-3,2,0,0,-3
1.99,3.82,-1,1,0,-2,1,-2,0,0,0,-2
2,3.7,0,0,0,-3,0,-2,0,-1,0,-1
2.52,3.07,0,0,0,-3,0,-2,0,0,0,-2
2.48,2.9,0,0,1,-3,0,-1,1,0,0,0
2.19,3.39,0,0,1,-4,1,-5,0,-4,1,0
3.01,2.48,0,0,1,-3,1,-3,1,0,1,-1
1.56,10.61,-1,1,3,-4,0,-1,0,-4,0,-1
1.61,12.58,-1,1,3,-4,0,-3,0,-5,0,-2
2.07,4.27,-1,1,0,-2,0,-3,0,-1,0,-3
2.02,3.93,0,0,1,-3,1,-3,1,0,0,-3
4.18,1.89,1,-1,1,-3,1,-4,1,0,1,0
2.54,2.98,0,0,0,-3,0,-3,0,-2,0,-2
2.17,3.43,0,0,1,-4,1,-5,0,-5,0,-1
1.78,4.59,-1,1,1,-2,2,-2,0,-2,0,-2
1.94,4.08,-1,1,0,-1,1,-3,0,0,0,-3
2.31,3.19,0,0,1,-2,0,-2,1,0,0,-2
2.56,2.83,0,0,0,-1,0,-2,0,-1,0,0
2.38,4.76,0,0,0,-2,1,-2,0,0,0,-1
2.91,2.52,0,0,2,-2,0,-2,2,0,0,-1
1.95,4.25,-1,1,1,-4,0,-3,0,-4,0,-1
2.08,3.44,0,0,0,-4,0,-1,0,-1,0,0
2.69,2.73,0,0,1,-5,2,-4,1,-4,2,0
2.89,2.86,0,0,0,-4,0,-2,0,0,0,-1
2.34,3.23,0,0,0,-3,0,-2,0,0,0,-1
3.53,12.16,1,-1,0,-2,3,-4,0,0,3,0
1.99,3.89,0,0,1,-3,2,-3,1,0,0,-3
1.8,4.53,-1,1,1,-2,0,-2,0,-2,0,-2
2.52,2.92,0,0,0,-3,0,-2,0,-2,0,0
1.39,7.7,-1,1,2,-5,1,-2,0,-5,0,-1
2.03,3.66,0,0,1,-2,1,-4,1,0,0,-4
5.86,2.78,0,0,1,-3,1,-3,1,-1,1,0
2.85,4.49,0,0,1,-4,0,-3,1,0,0,-1
1.44,7.75,-1,1,4,-4,2,-2,0,-4,0,-2
2.7,4.54,0,0,0,-4,1,-5,0,-2,0,-1
1.89,4.19,-1,1,0,-2,1,-3,0,-1,0,-3
1.75,4.99,-1,1,0,-2,0,-4,0,-2,0,-4
3.74,1.92,1,-1,2,-3,0,-4,2,0,0,-3
1.56,7.9,-1,1,2,-4,0,-3,0,-4,0,-3
1.72,4.94,-1,1,0,-1,1,-2,0,-1,0,-2
2.59,2.97,0,0,0,-2,1,-2,0,-1,0,-2
4.12,1.9,1,-1,0,-3,1,-5,0,0,1,0
4.02,1.92,1,-1,0,-2,2,-6,0,-1,2,0
2.27,5.45,-1,1,1,-4,1,-1,0,-1,0,0
1.99,6.84,-1,1,3,-5,4,-5,0,-5,4,0
1.6,7.22,-1,1,1,-2,3,-3,1,0,0,-3
2.54,4.89,0,0,0,-3,0,-4,0,0,0,-2
1.91,4.74,-1,1,1,-4,1,-3,1,-3,0,-2
4.88,2.33,0,0,1,-3,0,-3,1,0,0,0
2.49,4.95,0,0,0,-3,0,-3,0,-2,0,-1
4.65,2.7,0,0,0,-5,0,-2,0,0,0,0
2.38,4.88,0,0,2,-3,1,-3,2,0,0,-3
3.85,3.67,0,0,1,-3,0,-2,0,-3,0,-1
2.53,5.9,-1,1,2,-4,1,-3,0,-4,0,-3
5.49,1.69,1,-1,1,-3,2,-4,1,0,2,0
1.92,4.03,-1,1,0,-2,2,-3,0,-1,0,-3
2.29,3.29,0,0,0,-3,1,-2,0,-3,0,-2
3.22,2.25,0,0,2,-4,0,-3,3,0,0,-3
2.27,3.26,0,0,0,-3,1,-3,0,-2,1,0
3.12,2.31,0,0,1,-2,2,-5,1,-1,2,0
1.81,4.71,-1,1,0,-3,2,-3,0,-2,0,-3
4.16,1.82,1,-1,0,-2,3,-5,0,-2,3,0
2.53,2.71,0,0,1,-4,1,-5,1,-1,1,-3
3.29,2.26,0,0,1,-3,1,-4,1,0,0,-1
2.33,3.24,0,0,1,-3,0,-5,1,0,0,-5
1.71,5.21,-1,1,3,-4,0,-2,0,-4,0,-1
1.55,6.19,-1,1,3,-6,1,-3,0,-5,0,-3
1.66,15.97,-1,1,0,-3,2,-4,0,-3,0,-4
12.4,3.03,-1,1,0,-3,1,-3,0,-2,0,0
7.87,3.12,-1,1,1,-2,1,-4,1,0,0,-4
3.17,3.81,0,0,1,-4,0,-2,1,-1,0,-2
2.03,4.29,-1,1,0,-3,0,-4,0,-2,0,-4
11.71,1.43,1,-1,2,-3,3,-5,2,0,3,0
1.77,6.99,-1,1,3,-4,1,-2,0,-4,0,-1
3.48,12.24,1,-1,1,-2,2,-4,1,-2,2,0
2.28,8.45,-1,1,1,-2,0,-3,1,-1,0,-2
1.81,5.52,-1,1,3,-6,1,-3,0,-5,1,0
13.49,4.1,-1,1,0,-2,2,-4,0,-1,0,-4
4.37,5.26,0,0,0,-3,1,-5,0,0,1,-3
2.24,11.68,-1,1,1,-4,0,-4,0,-2,0,-1
2.1,4.03,-1,1,3,-3,0,-3,0,-4,0,0
1.81,4.62,-1,1,1,-3,0,-3,1,-1,0,-3
3.07,2.3,0,0,2,-5,2,-1,2,0,0,0
3.13,2.45,0,0,2,-5,1,-3,2,0,0,-1
1.29,10.41,-2,2,4,-5,1,-2,0,-5,0,-2
3.76,2.15,0,0,0,-2,3,-6,0,0,3,-1
2.58,3.04,0,0,1,-4,0,-3,1,0,0,-1
2.12,3.85,0,0,1,-4,0,-4,0,-3,0,-1
1.99,4.07,0,0,0,-3,1,-3,0,-1,0,-3
1.56,6.37,-1,1,1,-3,3,-3,1,-3,0,-3
5.15,3.35,1,-1,0,-4,3,-4,0,0,3,0
2.21,3.46,0,0,1,-3,0,-3,0,-2,0,-2
4.21,1.9,1,-1,0,-3,3,-6,0,0,3,-1
2,4.04,-1,1,0,-4,0,-3,0,-3,0,-1
2.54,2.98,0,0,1,-3,0,-5,1,-2,0,-2
3.59,2.1,0,0,2,-4,2,-4,2,0,2,0
2.04,3.76,0,0,1,-4,0,-2,0,-2,0,-2
2.07,3.68,0,0,1,-3,0,-4,1,-1,0,-4
3.04,2.39,0,0,1,-4,1,-4,1,-1,0,-2
1.76,4.53,-1,1,2,-1,3,-4,2,-1,0,-4
3.45,2.18,0,0,2,-4,1,-4,2,0,0,-1
3.26,2.38,0,0,0,-4,4,-4,0,-3,4,0
1.37,8.92,-1,1,4,-6,1,-4,0,-6,0,-4
1.67,5.9,-1,1,4,-5,1,-3,0,-5,0,-1
4.44,1.81,1,-1,0,-3,3,-7,0,-1,4,0
3.01,2.51,0,0,0,-2,0,-3,0,0,1,-1
1.81,4.71,-1,1,1,-4,1,-4,1,-2,0,-4
2.03,3.79,0,0,0,-4,1,-3,0,-3,0,-2
1.82,6.25,-1,1,4,-3,0,-4,0,-4,0,-1
2.23,3.27,0,0,3,-4,1,-4,3,0,0,-3
2.16,3.59,0,0,0,-4,1,-3,0,-2,0,-3
2.63,2.86,0,0,0,-3,0,-4,0,0,0,-1
2.15,3.54,0,0,1,-3,2,-2,1,-3,0,0
1.49,6.68,-1,1,2,-3,1,-4,0,-4,0,-4
2.82,2.57,0,0,1,-4,1,-3,1,0,1,-2
1.81,4.37,-1,1,4,-6,3,-4,0,-6,3,0
3.1,2.39,0,0,0,-5,3,-6,0,-3,3,-1
2.67,2.79,0,0,1,-4,0,-2,1,-1,0,-2
2.14,3.78,0,0,0,-3,0,-4,0,-2,0,-2
2.46,2.95,0,0,1,-5,0,-3,1,0,0,-3
2.56,2.89,0,0,1,-4,1,-4,1,0,0,-4
3.17,2.24,0,0,0,-3,2,-4,0,-1,2,0
1.8,4.55,-1,1,1,-4,2,-4,1,-2,0,-4
2.01,3.84,0,0,0,-3,1,-4,0,-2,0,-1
2.82,2.64,0,0,1,-3,0,-4,1,0,0,-1
2.29,3.24,0,0,2,-2,1,-3,2,-2,0,-2
2.34,3.13,0,0,1,-3,1,-3,0,-2,0,-1
2.76,2.7,0,0,0,-1,0,-5,0,0,0,-2
1.82,4.54,-1,1,1,-3,1,-4,1,-1,0,-3
3.18,2.35,0,0,2,-5,0,-3,2,0,0,-1
2.47,3.1,0,0,1,-4,1,-3,1,0,0,-3
2.56,2.89,0,0,0,-4,0,-2,0,-2,0,-2
1.84,4.49,-1,1,3,-5,2,-2,0,-4,0,0
3.89,1.9,1,-1,0,-3,4,-7,0,-3,4,0
2.61,2.87,0,0,0,-3,0,-3,1,-2,0,-1
1.94,3.9,-1,1,0,-3,1,-4,0,0,0,-4
1.38,8.17,-1,1,2,-6,1,-4,0,-5,0,-5
2.13,3.69,0,0,1,-4,1,-5,1,-3,0,-2
5.55,1.63,1,-1,1,-5,2,-6,1,-1,2,-1
2.73,2.69,0,0,0,-2,2,-6,0,-1,2,-1
2.08,3.6,0,0,1,-2,2,-4,1,0,0,-4
2.51,2.9,0,0,0,-5,0,-1,0,0,0,-1
1.93,4.09,-1,1,1,-4,0,-4,1,-2,0,-3
2.01,3.9,0,0,2,-3,0,-3,2,-2,0,-1
1.6,5.42,-1,1,5,-6,2,-4,0,-6,2,0
2.09,3.75,0,0,0,-1,1,-2,0,0,0,-2
1.94,4.15,-1,1,0,-1,1,-5,0,0,0,-2
6.33,1.59,1,-1,1,-3,2,-6,1,0,2,-1
2.76,2.48,0,0,1,-3,2,-6,0,-2,2,-1
1.98,4.13,-1,1,0,-5,0,-3,0,-3,0,-1
1.69,5.21,-1,1,2,-3,2,-4,2,-1,0,-4
3.44,2.2,0,0,1,-2,0,-2,1,0,0,-1
1.64,5.37,-1,1,2,-5,0,-2,0,-5,0,-2
1.74,5.41,-1,1,0,-3,2,-3,0,-2,0,-3
2.08,3.69,0,0,0,-6,0,0,0,-3,0,0
2.83,2.45,0,0,0,-5,1,-2,0,0,1,-1
2.39,3.08,0,0,1,-1,0,-5,1,0,0,-3
2.94,2.54,0,0,0,-4,0,-3,0,0,0,-1
1.76,4.66,-1,1,2,-3,0,0,1,-2,0,0
1.46,7.33,-1,1,3,-5,0,-2,0,-5,0,-2
2.99,2.45,0,0,0,-3,1,-2,0,-2,1,0
2.55,2.91,0,0,1,-5,2,-3,1,0,0,-3
2.22,3.5,0,0,0,-4,1,-3,0,-3,0,-2
7.04,1.44,1,-1,1,-5,5,-6,1,0,5,0
3.1,2.37,0,0,1,-3,1,-6,1,-2,1,-1
3.09,2.41,0,0,0,-3,2,-4,0,0,0,-1
1.31,9.36,-2,2,0,-2,2,-4,0,-1,0,-5
3.08,2.27,0,0,0,-2,3,-5,0,-2,3,0
1.21,12.68,-2,2,5,-6,0,-4,0,-6,0,-5
2.89,2.46,0,0,2,-4,0,-6,2,0,0,-2
1.92,4.23,-1,1,1,-3,0,-3,1,-1,0,-1
2.59,3.07,0,0,0,-3,0,-5,0,-2,0,-3
2.52,2.94,0,0,0,-1,1,-4,0,0,0,-1
3.65,2.12,0,0,2,-3,2,-5,2,0,1,-1
5,2.87,0,0,0,-4,0,-4,0,-1,0,-1
1.29,10.05,-2,2,5,-7,0,-4,0,-7,0,-2
2.91,2.55,0,0,1,-4,2,-4,1,-2,1,-1
3.14,2.33,0,0,0,-4,1,-4,0,-1,0,-1
4.35,1.85,1,-1,1,-6,1,-3,1,0,0,-1
2.73,2.7,0,0,0,-5,0,-2,0,0,0,-2
1.91,4.52,-1,1,0,-5,2,-3,0,-3,0,-3
2,4.27,-1,1,0,-5,1,-5,0,-2,0,-4
1.92,4.26,-1,1,1,-4,2,-2,0,-4,1,-1
4.25,1.92,1,-1,0,-3,4,-9,0,-2,5,0
2.16,3.62,0,0,0,-4,1,-4,1,-3,0,-2
2.01,3.8,0,0,0,-5,0,-1,0,-3,0,0
1.49,6.55,-1,1,1,-5,0,-3,0,-5,0,-2
2.43,3.15,0,0,1,-1,0,-3,1,0,0,-1
2.92,2.48,0,0,2,-5,0,-1,2,0,0,-1
1.38,8.34,-1,1,3,-4,1,-4,0,-5,0,-4
2.78,2.68,0,0,0,-4,0,-4,0,-3,0,-1
2.14,3.65,0,0,0,-5,1,-3,0,-3,0,-1
2.42,3.14,0,0,0,-1,0,-4,0,-1,0,-1
1.82,4.45,-1,1,2,-3,0,-4,1,-1,0,-6
1.89,4.18,-1,1,0,-5,1,-4,0,-2,0,-4
1.51,6.7,-1,1,0,-5,1,-6,0,-3,0,-5
1.62,5.91,-1,1,3,-4,1,-3,0,-5,0,-1
2.35,3.07,0,0,0,-1,1,-2,0,0,0,-1
1.34,9.96,-2,2,4,-9,1,-1,0,-7,0,-2
2.79,4.58,0,0,0,-3,0,-3,0,-1,0,-1
3.03,3.81,0,0,2,-4,0,-4,1,-2,0,-1
3.6,2.65,0,0,0,-2,3,-5,0,-2,3,0
1.94,5.89,-1,1,0,-3,0,-5,0,-3,0,-2
3.76,4.11,0,0,1,-3,0,-5,1,-2,0,-6
8.59,1.53,1,-1,1,-7,1,-5,1,-1,0,-1
1.71,5.73,-1,1,0,-1,2,-4,0,0,0,-6
8.95,1.65,1,-1,1,-5,1,-4,1,0,0,-1
2.43,3.3,0,0,2,-3,0,-6,2,0,0,-4
3.17,2.47,0,0,0,-2,0,-6,0,0,0,-2
2.4,3.28,0,0,0,-1,1,-3,0,-1,0,-1
2.14,3.78,0,0,0,-3,2,-3,0,-3,1,-2
2.11,3.84,0,0,0,-1,1,-3,0,0,0,-3
3.2,2.34,0,0,2,-6,0,-2,2,-1,0,-2
3.88,2.02,0,0,0,-5,2,-4,0,-2,1,-1
4.74,2.69,0,0,0,-3,1,-3,0,-1,0,-1
2.37,3.62,0,0,1,-2,0,-5,0,0,0,-5
2.27,5.05,0,0,0,-2,0,-3,0,-2,0,-1
1.44,7.84,-1,1,4,-9,0,-1,0,-8,0,-1
1.62,7.72,-1,1,2,-2,2,-4,1,-1,0,-4
2.29,4.38,0,0,1,-2,0,-3,1,0,0,-2
1.8,5.43,-1,1,0,-5,0,-2,0,-2,0,-3
2.11,4.08,0,0,1,-1,0,-1,1,-1,0,0
1.43,7.58,-1,1,1,-5,0,-5,0,-5,0,-3
4.23,3.24,0,0,0,-3,0,-6,0,-2,0,-2
2.8,2.9,0,0,0,-1,0,-4,0,-1,0,-1
2.34,3.98,0,0,0,-3,0,-1,1,-2,0,-1
1.64,5.7,-1,1,0,-2,1,-5,0,0,0,-4
1.81,6.12,-1,1,0,-4,2,-5,0,0,0,-6
2.26,4.93,0,0,1,-4,2,-5,0,-5,2,0
3.88,2.23,0,0,0,-1,1,-3,0,0,1,-1
1.62,6.24,-1,1,0,-4,1,-2,0,-4,0,-2
3.22,4.23,0,0,2,-5,0,-1,2,0,0,0
2.17,5.06,0,0,0,-2,0,-3,0,0,0,-2
6.02,1.94,1,-1,1,-5,0,-3,2,0,0,-1
4.12,2.05,1,-1,0,-3,1,-6,0,0,1,-1
2.94,4.01,0,0,0,-6,2,-3,0,-2,1,-1
2.11,3.92,0,0,0,-5,1,-1,0,-4,0,0
7.7,1.53,1,-1,0,-3,4,-9,0,-1,5,0
6.06,1.86,1,-1,2,-6,0,-5,2,0,0,-3
2.01,5.52,-1,1,0,-1,0,-5,0,-1,0,-4
2.34,4.87,-1,1,2,-4,0,-3,0,-5,0,-1
3.1,3.85,0,0,0,-3,1,-4,0,-1,1,-2
1.62,6.7,-1,1,1,-3,1,-3,0,-4,0,-2
2.55,3.29,0,0,0,-2,0,-1,0,0,0,0
2.7,3.03,0,0,2,-4,3,-5,2,0,0,-6
2.51,8.95,-2,2,4,-9,0,-1,0,-8,0,-1
3.54,4.09,0,0,0,-5,0,-5,0,-1,0,0
2,4.84,-1,1,1,-3,2,-4,1,0,0,-4
3.75,4.89,-1,1,1,-2,3,-5,0,-2,0,-5
3.18,3.37,0,0,2,-3,2,-5,1,-2,2,0
1.63,7.33,-1,1,1,-3,0,-1,0,-4,0,0
1.97,4.32,-1,1,0,-1,1,-3,0,-1,0,-3
2.06,5.11,-1,1,1,-1,0,-6,1,-1,0,-4
1.66,6.62,-1,1,1,-3,2,-5,0,-2,0,-5
2.14,4.35,-1,1,0,-3,1,-3,0,-1,0,-3
2.44,3.15,0,0,0,-5,2,-4,0,-5,1,0
2.77,3.45,0,0,1,-3,2,-6,1,0,0,-5
2.86,2.66,0,0,1,-3,0,-4,0,-2,0,-1
3.58,2.11,0,0,0,-5,1,-4,0,-1,1,-1
2.41,3,0,0,3,-5,0,-7,3,0,0,-5
1.15,25.77,-2,2,4,-10,2,-4,0,-9,0,-4
2.77,3.1,0,0,0,-3,0,-4,0,0,0,-2
5.03,2.77,0,0,1,-4,0,-2,1,-1,0,-2
2.33,3.74,0,0,1,-2,2,-3,1,-2,1,-1
1.9,4.36,-1,1,0,-2,1,-4,0,-2,0,-4
2.15,4.72,-1,1,1,-4,0,-3,0,-4,0,-1
2.23,5.31,-1,1,0,-4,0,-3,0,-2,0,0
5,1.74,1,-1,0,-3,3,-12,0,-2,5,0
3.24,2.4,0,0,0,-2,1,-4,0,0,1,0
2.05,3.63,0,0,1,-5,3,-5,1,0,0,-5
2,4.09,-1,1,1,-4,1,-2,0,-3,1,-1
4.1,2.17,1,-1,2,-5,0,-5,2,0,0,0
1.91,4.54,-1,1,1,-3,0,-4,0,-2,0,-3
1.76,4.75,-1,1,2,-5,1,-2,0,-5,0,0
3.08,2.93,0,0,0,-7,0,-3,0,-2,0,-3
1.74,4.98,-1,1,0,-4,0,-5,0,-3,0,-4
2.83,2.69,0,0,2,-6,1,-3,2,0,0,-3
2.96,5.17,-1,1,1,-4,0,-2,0,-5,0,-1
2.13,4.22,0,0,1,-2,0,-4,1,-2,0,-3
1.87,6.64,-1,1,1,-4,0,-4,0,-4,0,-1
1.52,8.47,-1,1,0,-3,2,-6,0,0,0,-6
1.48,7.36,-1,1,4,-11,0,-4,0,-9,0,-2
4.14,3.59,0,0,0,-4,1,-2,0,-3,0,-1
1.78,6.72,-1,1,1,-5,1,-4,0,-5,1,-1
4.9,2.48,0,0,2,-5,0,-1,3,0,0,-2
3.35,2.43,0,0,1,-3,2,-5,0,-1,2,0
2.02,6.13,-1,1,0,-4,2,-5,0,-1,0,-4
4.2,3.4,0,0,0,-6,0,-6,0,-1,0,-4
2.64,3.67,0,0,0,-3,1,-4,0,-1,1,-1
3.96,3.88,0,0,1,-2,1,-5,1,-1,0,-5
5.97,1.98,1,-1,1,-3,0,-5,1,0,0,0
2.81,4.48,0,0,2,-5,1,-2,3,0,0,-1
2.05,5.52,-1,1,1,-5,1,-5,0,-4,1,0
6.27,1.65,1,-1,0,-3,3,-12,0,-1,5,0
1.36,10.53,-2,2,2,-4,2,-7,0,-5,0,-6
4.05,3.61,0,0,1,-4,0,-5,0,-3,0,-2
2.4,4.31,0,0,0,-4,0,-1,0,-3,0,-1
2.01,4.64,-1,1,1,-4,0,-3,0,-5,0,-3
7.46,1.52,1,-1,2,-4,4,-10,2,0,5,0
2.29,5.09,0,0,1,-5,1,-3,1,0,0,-2
1.86,5.42,-1,1,0,-4,0,-4,0,-2,0,-3
2.51,3.63,0,0,0,-4,2,-3,0,-2,0,-3
3.64,2.24,0,0,2,-8,1,-2,2,0,0,-1
1.5,6.86,-1,1,0,-4,2,-3,0,-3,0,-3
2.64,4.67,0,0,1,-4,1,-5,0,-3,1,0
2.82,3.41,0,0,1,-2,1,-3,1,-2,1,-2
1.6,7.59,-1,1,2,-6,0,-5,0,-6,0,-3
3.28,2.85,0,0,0,-1,1,-6,0,0,1,-1
4.16,3.66,0,0,0,-4,0,-4,0,-3,0,-1
2.3,5.13,0,0,3,-3,0,-5,2,0,0,-3
1.53,7.68,-1,1,2,-7,1,-4,0,-6,0,-3
4.26,1.97,1,-1,0,-3,1,-4,0,-1,1,-1
1.79,7.19,-1,1,0,-5,0,-5,0,-2,0,-3
3.36,4.19,0,0,1,-5,5,-8,0,-5,5,0
3.44,6.15,-1,1,1,-4,2,-2,0,-3,0,-2
2.34,5.43,0,0,0,-1,0,-4,0,0,0,-3
3.43,2.38,0,0,2,-7,1,-3,2,0,0,-2
3.53,2.53,0,0,1,-5,0,-5,1,0,1,0
2.51,4.89,0,0,1,-2,0,-2,1,-1,0,-1
1.81,6.42,-1,1,0,-5,0,-4,0,-4,0,-1
2.36,3.75,0,0,0,-3,1,-2,0,-2,1,-1
1.47,7.83,-1,1,0,-5,2,-3,0,-5,0,-4
3.28,2.6,0,0,0,-6,1,-4,0,-2,1,-1
3.09,6.74,1,-1,1,-5,0,-6,2,0,0,-3
4.66,2.6,0,0,2,-3,0,-3,2,0,0,-1
3.98,3.86,0,0,0,-4,1,-4,0,-1,1,0
2.12,4.3,-1,1,1,-3,1,-2,1,-1,0,-2
2.28,4.08,0,0,0,-2,0,-1,1,-1,0,-1
4.13,2.26,0,0,0,-4,2,-7,0,-1,2,0
3.77,4.97,-1,1,0,-5,1,-7,0,-3,0,-7
18.43,2.65,1,-1,2,-3,0,-4,2,0,0,-3
3.69,2.33,0,0,1,-5,0,-6,1,0,0,-1
2.18,3.42,0,0,1,-2,1,-4,1,-1,0,-2
3.07,2.4,0,0,0,-2,0,-6,0,-1,0,0
2.56,2.84,0,0,2,-4,2,-4,2,0,0,-3
5.43,1.58,1,-1,0,-5,4,-8,0,-3,4,0
2.2,3.62,0,0,0,-3,0,-1,0,-2,0,-1
5.15,1.64,1,-1,1,-7,2,-4,1,0,2,-1
2.64,2.9,0,0,0,-6,1,-2,0,-2,1,-1
1.42,7.11,-1,1,2,-7,0,-4,0,-6,0,-3
2.14,3.48,0,0,1,-3,1,-6,0,-3,1,-3
3.75,4.17,0,0,1,-3,1,-3,1,0,1,0
1.65,5.68,-1,1,0,-6,1,-5,0,-5,0,-2
2.14,3.7,0,0,0,0,1,-4,0,0,0,-2
4.27,1.86,1,-1,1,-7,0,-2,1,0,0,-1
2.12,3.85,0,0,1,-2,1,-3,0,-1,0,-5
2.74,2.75,0,0,2,-3,0,-2,2,0,0,-1
1.93,5.9,-1,1,0,-5,0,-3,0,-4,1,0
5.07,2.18,1,-1,3,-3,5,-6,0,-5,4,0
2.7,4.66,0,0,1,-3,2,-7,0,-4,2,0
2.97,3.39,0,0,0,-6,1,-7,0,-5,2,0
3.08,3.28,0,0,1,-3,1,-1,2,0,0,0
2.02,6.25,-1,1,4,-3,3,-3,1,-3,0,-3
2.47,4.14,0,0,1,-3,0,-2,0,-3,0,-1
1.78,5.4,-1,1,0,0,2,-3,0,0,0,-4
2.08,5.88,-1,1,1,-2,1,-6,0,-1,0,-3
1.81,4.79,-1,1,1,-6,1,-3,0,-3,0,-3
1.6,6.31,-1,1,0,-5,1,-3,0,-4,0,-3
2.06,4.92,-1,1,1,-4,0,-6,1,-2,0,-4
1.81,4.39,-1,1,0,-5,2,-7,0,-1,0,-7
1.38,7.67,-1,1,6,-5,0,-4,0,-8,0,-1
2.35,6.86,-1,1,1,-4,1,-2,0,-1,1,-1
2.67,3.03,0,0,1,-3,0,-6,0,-1,0,-1
5.02,1.81,1,-1,2,-7,1,-7,2,0,1,-3
4.65,5.84,-1,1,0,-5,1,-3,0,-4,0,-3
7.2,1.98,1,-1,1,-3,0,-4,1,0,0,-2
2.41,5.08,-1,1,1,-6,4,-3,0,-6,3,-1
2.34,5.21,0,0,2,-4,1,-1,3,0,0,0
2.05,4.23,-1,1,1,-2,1,-3,0,-2,0,-3
3.7,4.38,0,0,0,-1,0,-5,0,-1,0,-4
1.79,5.35,-1,1,1,-4,2,-4,1,-3,0,-4
2.62,3.44,0,0,1,-3,0,-1,0,-2,0,0
2.43,5.1,-1,1,1,-5,1,-7,0,-2,0,-4
5.35,2.95,1,-1,0,-6,5,-6,0,-2,4,0
4.59,4.6,0,0,4,-4,1,-6,1,-3,1,-3
2.01,3.88,0,0,2,-6,0,-1,0,-4,0,0
2.33,5.25,0,0,1,-7,1,-5,1,-3,0,-4
2.03,3.69,0,0,0,-4,2,-3,1,0,0,-3
3.33,3.49,0,0,2,-4,3,-5,2,0,0,-7
1.75,5.04,-1,1,0,-1,2,-3,0,-1,0,-3
3.31,2.55,0,0,1,-4,0,-7,0,-2,1,0
2.39,3.05,0,0,1,-3,1,-4,1,0,0,-1
2.98,2.55,0,0,1,-1,1,-3,1,0,1,-2
4.54,2.11,1,-1,0,-4,0,-5,0,-1,0,0
2.22,4.53,0,0,0,-6,1,-3,0,-5,1,0
1.36,7.9,-1,1,6,-4,0,-3,0,-7,1,-1
1.59,12.27,-1,1,1,-4,2,-4,0,-3,0,-4
2.18,4.16,-1,1,1,-2,0,-3,0,-1,0,-3
2.48,2.87,0,0,1,-3,1,-3,0,-2,1,-2
2.02,3.66,0,0,0,0,1,-6,0,0,0,-4
2.62,2.71,0,0,1,-5,1,-4,1,-1,0,-3
1.51,6.6,-1,1,1,-5,1,0,0,-4,0,0
2.46,2.78,0,0,0,-6,6,-3,0,-6,4,0
2.62,2.83,0,0,2,-3,1,-3,2,0,0,-3
3.55,2.18,0,0,2,-2,0,-2,2,0,0,0
3.04,2.34,0,0,1,-3,4,-4,1,-3,2,-2
6.43,1.54,1,-1,3,-5,0,-6,3,0,0,-1
2.59,2.82,0,0,0,-3,2,-5,0,-1,2,-2
3.04,2.32,0,0,1,-5,0,-3,1,0,0,-3
4.04,1.9,1,-1,1,-3,0,-6,1,-3,0,0
1.94,3.86,-1,1,5,-3,1,-6,0,-7,1,-1
1.5,6.99,-1,1,3,-4,1,-1,1,-2,0,-1
7.34,1.64,1,-1,1,-5,1,-5,1,-2,1,0
5.16,1.64,1,-1,1,-4,0,-3,1,0,0,-2
1.7,5.18,-1,1,3,-4,0,0,1,-3,0,0
2.37,4.33,-1,1,0,-3,1,-4,0,0,0,-3
2.18,3.28,0,0,1,-3,1,-5,0,-1,1,-1
2.44,3.39,0,0,0,-2,2,-2,0,0,0,-2
3.07,2.34,0,0,1,-3,1,-2,1,0,1,0
2.11,3.88,0,0,1,-4,2,-3,1,-1,0,-3
3.33,2.2,0,0,2,-4,1,-4,0,-3,1,0
1.44,7.56,-1,1,0,-2,4,-4,0,-2,0,-5
1.42,7.04,-1,1,1,-6,1,-3,0,-4,0,0
1.43,10.05,-1,1,5,-3,1,-2,0,-6,1,-1
2.23,3.27,0,0,1,-3,1,-6,0,-4,1,-2
1.56,6.03,-1,1,1,-3,1,-3,0,-1,0,-3
3.17,2.23,0,0,2,-3,1,-5,2,0,1,-1
2.23,3.17,0,0,1,-5,0,-2,1,-1,0,-2
2.18,3.14,0,0,0,-1,1,-3,0,0,1,-2
2.04,6.05,-1,1,2,-4,4,-4,0,-4,3,0
1.86,5.45,-1,1,1,-2,0,-3,0,-3,0,0
2.18,3.09,0,0,1,-5,1,-3,0,-4,0,-2
2.66,2.47,0,0,4,-3,0,-4,4,0,0,-3
4.44,1.78,1,-1,1,-2,3,-4,0,-1,2,-1
4.09,3.46,0,0,1,-4,2,-5,1,-3,0,-4
2.57,2.61,0,0,2,-2,2,-3,2,0,2,-1
1.25,11.62,-2,2,0,-2,2,-4,0,-1,0,-5
2.38,3.38,0,0,1,-4,1,-4,0,-2,1,-1
6.98,3.53,-1,1,2,-5,1,-4,0,-4,1,-1
2.21,3.58,0,0,1,-3,1,-4,0,-3,1,-2
2.38,3.01,0,0,1,-5,2,-6,0,-4,2,0
3.9,2.06,0,0,1,-3,1,-4,0,-3,1,-2
2.38,2.98,0,0,0,-2,1,-4,0,0,0,-1
1.95,3.83,-1,1,2,-3,2,-5,0,-3,0,-3
3.32,2.21,0,0,0,-2,4,-3,0,0,4,0
2.39,3.12,0,0,0,-4,0,-1,0,-3,0,-1
2.01,3.74,0,0,0,-4,1,-3,0,-1,0,-3
2.43,2.97,0,0,1,-3,1,-3,1,0,0,-1
1.87,4.2,-1,1,1,-4,2,-2,0,-2,0,-2
2.3,3.17,0,0,4,-4,0,-3,1,-3,1,0
2.31,3.17,0,0,2,-4,2,-5,0,-4,2,0
2.4,3.09,0,0,2,-3,0,-3,2,0,1,0
1.86,4.53,-1,1,2,-5,0,-4,0,-4,0,-1
2.86,4.62,0,0,2,-5,3,-4,2,-1,3,-1
4.67,2.79,0,0,1,-3,2,-3,1,-2,2,0
2.07,3.65,0,0,0,-1,0,-4,0,0,0,-3
2.46,2.99,0,0,1,-2,0,-2,1,0,0,-2
1.91,4.13,-1,1,2,-2,1,-3,1,-1,0,-3
2.45,2.96,0,0,0,-3,1,-4,0,-3,2,0
2.18,3.44,0,0,0,-2,1,-3,0,0,0,-3
2.44,2.88,0,0,0,-4,1,-3,0,-1,0,-1
2.06,3.59,0,0,0,-2,0,-2,0,0,0,-2
2.28,3.29,0,0,0,-6,2,-3,0,-3,1,-1
3.53,2.07,0,0,1,-3,3,-3,1,0,3,0
2.96,2.49,0,0,0,-2,0,-1,0,-1,0,-1
2.44,3.03,0,0,0,-5,1,-2,0,-3,1,-1
2.26,3.23,0,0,2,-4,2,-5,0,-3,2,0
3.02,2.35,0,0,2,-2,0,-3,0,-3,0,0
2.75,2.53,0,0,1,-2,0,-5,1,-1,0,-3
3.59,2.09,0,0,1,-2,1,-2,1,0,1,0
2.53,2.86,0,0,1,-3,0,-5,1,-1,0,-2
1.87,4.37,-1,1,2,-3,0,-2,1,-2,0,-2
1.67,5.15,-1,1,2,-3,0,-1,0,-3,1,0
1.89,3.99,-1,1,1,-4,0,-4,2,-1,0,-2
2.75,2.67,0,0,0,-1,1,-4,0,0,2,-1
2.99,2.38,0,0,0,-2,1,-2,0,0,1,0
1.59,5.78,-1,1,0,-3,0,-2,0,-3,0,-2
1.88,4.25,-1,1,2,-3,0,-5,0,-3,0,-2
2.2,3.62,0,0,2,-4,1,-2,1,-2,1,0
1.87,4.13,-1,1,2,-5,1,-2,0,-5,1,0
2.37,3.04,0,0,1,-2,0,-5,1,0,0,-2
3.71,2,0,0,0,-2,1,-3,0,0,1,-1
2.11,3.52,0,0,1,-4,0,-3,2,-1,0,-3
1.5,6.37,-1,1,0,-4,0,-4,0,-4,0,-4
2.31,3.21,0,0,1,-1,0,-3,1,-1,0,-3
3.21,2.29,0,0,0,-5,1,-6,0,-3,2,0
2.9,2.43,0,0,0,-1,1,-4,0,0,2,0
3,4.63,0,0,0,-4,1,-2,0,0,1,0
4.96,1.72,1,-1,0,-2,0,-5,0,0,0,0
1.7,4.87,-1,1,1,-2,1,-1,0,-2,0,-1
2.43,2.95,0,0,1,-2,0,-1,0,-2,0,-1
2.08,4.22,0,0,0,-3,1,-1,0,0,0,-2
2,3.8,0,0,1,-1,1,-3,0,-2,0,-2
4.51,3.07,0,0,0,-4,1,0,0,-1,0,0
1.78,4.95,-1,1,0,-5,0,-2,0,-3,0,-2
2.92,2.72,0,0,0,-3,2,-3,0,0,1,-1
3.8,2.01,0,0,0,-1,1,-4,0,0,1,0
1.53,6.42,-1,1,1,-5,0,-2,0,-5,0,-2
1.79,4.35,-1,1,1,-2,0,-4,1,-1,0,-4
2.55,3,0,0,0,-3,0,-4,0,0,0,-2
1.82,4.7,-1,1,0,-2,0,-6,0,-2,0,-3
4.41,1.78,1,-1,0,-1,1,-4,0,0,1,0
2.48,3.02,0,0,0,-1,1,-3,0,-1,1,0
2.32,3.21,0,0,1,-2,2,-3,0,-1,1,-1
2.14,3.43,0,0,0,-1,0,-3,0,0,0,-2
2.23,3.37,0,0,0,-1,1,-2,0,0,0,-2
1.77,4.57,-1,1,1,0,1,-1,1,0,0,-1
2.48,2.91,0,0,0,-4,0,-2,0,-1,0,-1
2.26,3.2,0,0,1,-4,0,-2,0,-4,0,0
2.11,3.72,0,0,0,-3,0,0,0,-2,0,-1
2.19,3.54,0,0,0,-6,0,-2,0,-3,0,-2
1.69,4.8,-1,1,2,-4,1,-1,0,-4,0,0
3.34,2.25,0,0,0,-2,0,-1,0,0,0,0
2.27,3.07,0,0,0,-2,0,-1,0,-1,0,0
1.76,4.97,-1,1,2,-2,1,-1,1,-2,0,-1
2.35,5.37,-1,1,1,-2,1,-3,1,0,0,-1
2.87,2.54,0,0,0,-3,0,-1,0,0,0,-1
2.43,2.97,0,0,1,-2,0,-3,1,0,0,-2
4.08,1.89,1,-1,0,-4,0,-6,0,0,1,0
1.89,4.08,-1,1,1,-3,0,0,0,-3,0,-1
2.56,2.88,0,0,1,-2,0,0,1,0,0,0
3.29,2.2,0,0,0,-3,1,-5,0,-1,1,0
1.8,4.9,-1,1,1,-3,0,-1,0,-3,0,-1
2.81,2.57,0,0,1,-4,0,-1,1,0,0,-1
2.66,2.74,0,0,0,-2,0,0,0,-1,0,0
3,2.39,0,0,2,-3,0,-1,1,-3,0,0
2.3,3.18,0,0,0,-6,1,-4,0,-2,0,-2
2.19,3.3,0,0,0,-2,1,-1,0,-1,0,-1
2.34,3.14,0,0,0,-1,0,-3,0,0,0,-2
1.63,4.94,-1,1,1,-5,0,-1,0,-5,0,0
2.49,2.95,0,0,0,-3,0,-1,0,0,0,-1
1.42,7.61,-1,1,1,-4,1,-2,0,-4,0,-2
1.95,3.98,-1,1,0,-2,1,-4,0,-1,0,-4
2.26,3.69,0,0,0,-2,0,-2,0,-1,0,-1
3.11,2.76,0,0,1,-3,0,-1,1,0,0,-1
1.74,6.49,-1,1,0,0,0,-2,0,-1,0,-1
4.29,3.61,0,0,0,0,0,-3,0,0,0,-3
1.98,3.91,-1,1,0,0,0,0,0,0,0,-2
2.56,3.41,0,0,0,-4,0,0,1,-2,0,0
2.42,3.33,0,0,1,-5,1,-5,0,-5,1,0
2.8,4.86,0,0,1,-2,0,-2,1,0,0,-2
3.46,2.42,0,0,1,-3,1,-4,0,-3,1,0
1.88,6.47,-1,1,0,-5,0,-2,0,-1,0,-2
1.76,5.7,-1,1,1,-3,0,-1,0,-3,0,-1
3.03,2.4,0,0,1,-5,0,-2,1,0,0,-1
2.32,3.26,0,0,0,-2,1,-2,0,0,0,-2
2.95,2.37,0,0,0,-1,0,-4,0,-1,1,0
1.69,4.94,-1,1,1,-3,0,-3,0,-3,0,-2
3.1,2.36,0,0,0,-2,0,-5,0,0,0,0
2.23,3.14,0,0,0,-3,0,-4,0,-1,0,-2
4,1.89,1,-1,0,-3,1,-5,0,-1,1,0
2.26,3.4,0,0,0,-3,0,-3,0,0,1,0
2.27,3.31,0,0,0,-2,0,-5,0,-1,0,-4
2.34,3.14,0,0,0,-2,0,0,0,0,0,0
1.49,6.46,-1,1,1,-4,1,-3,0,-5,0,-3
2.65,2.77,0,0,0,0,0,-1,0,0,0,0
1.71,4.92,-1,1,1,-5,0,-3,0,-5,0,-1
1.69,5.44,-1,1,0,-1,1,-2,0,0,0,-2
2.15,3.22,0,0,0,-3,0,-1,0,-1,0,-1
1.87,4.16,-1,1,0,-3,1,-3,0,0,0,-3
2.36,3.12,0,0,0,-2,0,-1,0,0,0,-1
3.73,2,0,0,0,-2,2,-5,0,0,2,0
1.84,4.33,-1,1,0,-1,0,-4,0,-1,0,-2
1.71,5.1,-1,1,0,-4,1,-3,0,-4,0,-3
2.52,2.9,0,0,1,-5,0,-1,1,0,0,-1
1.59,5.67,-1,1,0,-5,0,0,0,-5,0,0
2.6,2.83,0,0,0,-2,0,-5,0,0,0,-3
3.08,2.4,0,0,0,-3,1,-4,0,-2,1,0
1.95,4.03,-1,1,0,-4,0,-2,0,-2,0,-2
1.72,4.97,-1,1,2,-4,0,-2,0,-4,0,0
2.13,3.39,0,0,0,-5,0,-4,0,-2,0,-3
3.21,2.27,0,0,1,-4,0,-2,1,0,0,0
2.61,2.89,0,0,0,-1,0,-2,0,0,0,-2
2.96,2.38,0,0,0,-1,1,-5,0,0,1,0
2.01,3.61,0,0,1,-4,0,-1,0,-4,0,-1
1.91,4.14,-1,1,0,-1,0,-2,0,0,0,-2
2.59,2.67,0,0,1,-4,0,-3,1,0,0,-2
2.37,4.96,0,0,0,-4,0,-5,0,-2,0,0
3.06,2.32,0,0,0,-1,0,-5,0,0,0,0
2.26,5.46,-1,1,1,-3,1,-4,1,0,0,-5
2.76,2.72,0,0,0,0,0,-2,0,0,0,-1
2.41,3.03,0,0,0,-3,0,-3,0,-1,0,-1
2.35,3.14,0,0,0,-3,1,-4,0,0,0,-3
2,3.87,0,0,0,-1,0,-5,0,-1,0,-2
3.74,2.08,0,0,0,-3,1,-4,0,0,1,0
1.93,4.18,-1,1,0,-5,0,-2,0,-5,0,-1
2.28,3.21,0,0,0,-2,0,-1,0,0,0,-1
1.69,4.72,-1,1,0,-5,0,-5,0,-5,0,-3
2.26,3.34,0,0,0,-4,0,0,0,-1,0,0
2.51,2.87,0,0,0,-3,0,-4,0,-1,0,-2
1.6,5.56,-1,1,1,-5,1,-4,0,-5,0,-3
2.32,3.22,0,0,0,-2,0,-1,0,-1,0,-1
2.69,2.58,0,0,0,-2,2,-5,0,-2,2,0
2.6,2.81,0,0,1,-5,1,-4,1,0,0,-4
2.71,2.79,0,0,1,-4,0,-2,1,-1,0,-1
2.11,3.61,0,0,0,-6,0,-3,0,-2,0,-3
1.92,3.93,-1,1,2,-4,0,-1,0,-4,0,0
1.72,4.59,-1,1,1,-3,0,-3,0,-3,0,-2
1.75,4.86,-1,1,0,-1,0,-2,0,0,0,-3
2.38,3.15,0,0,0,-2,0,-3,0,-1,0,-2
3.52,2.14,0,0,1,-4,0,-5,1,0,0,0
2.18,3.36,0,0,1,-4,1,-4,1,0,0,-5
2.79,2.52,0,0,0,-1,1,-5,0,0,1,0
2.31,3.15,0,0,0,-4,0,-1,0,-3,0,-1
2.81,2.63,0,0,0,0,0,-6,0,0,0,0
2.5,2.92,0,0,0,-4,0,-2,0,-2,0,0
2.9,2.59,0,0,1,-3,0,-2,1,0,0,-1
2.43,3.01,0,0,0,-3,1,-3,0,0,0,-4
2.51,2.77,0,0,0,-3,0,-4,0,0,0,-3
2.17,3.53,0,0,0,-2,1,-4,0,-1,0,-4
1.69,5.01,-1,1,0,-6,1,-3,0,-5,0,-3
2.28,3.12,0,0,1,-4,2,-4,0,-5,2,0
3.23,2.32,0,0,0,-3,0,-4,0,-1,0,0
1.95,4.05,-1,1,0,-4,0,0,0,-2,0,0
2.7,2.69,0,0,0,-3,1,-3,0,-1,1,0
2.1,3.48,0,0,0,-2,0,-1,0,-1,0,-1
2.13,3.49,0,0,0,-6,0,-1,0,-2,0,-1
2.19,3.43,0,0,0,-2,0,-2,0,-2,0,-1
1.67,5.48,-1,1,0,-1,0,-3,0,0,0,-3
1.92,3.84,-1,1,0,-4,2,-4,0,-5,2,0
2.42,2.95,0,0,1,-4,0,-5,1,0,0,-2
2.55,2.73,0,0,0,-3,0,-5,0,-1,0,-4
2.28,3.1,0,0,0,-3,1,-4,0,-3,1,0
2.24,4.27,-1,1,0,-2,0,-3,0,-1,0,-2
1.78,5.62,-1,1,0,-4,0,-2,0,-5,0,-3
2.99,4.87,0,0,0,-4,0,-2,0,-1,0,-2
4.74,2.86,0,0,1,-3,0,-2,1,0,0,-1
2.16,3.62,0,0,1,-5,0,-2,0,-4,0,-1
4.12,3.69,0,0,0,-2,1,-3,0,-1,0,-3
3,2.91,0,0,0,-2,0,-6,0,-1,0,0
3.21,2.58,0,0,0,-1,0,-2,0,0,0,0
1.89,6.44,-1,1,0,-1,0,-4,0,0,0,-4
2.43,3.03,0,0,0,-1,0,-5,0,0,0,-3
2.37,3.14,0,0,0,-1,0,-2,0,-1,0,-1
3.02,2.41,0,0,1,-2,0,-6,0,0,0,0
2.02,3.84,0,0,0,-3,0,-2,0,-2,0,-3
3.3,2.14,0,0,0,-3,1,-3,0,0,0,0
1.64,5.08,-1,1,0,-3,1,-3,0,-3,0,-3
2.38,3.13,0,0,0,-4,0,-1,1,0,0,-1
2.91,2.5,0,0,0,-2,0,-2,0,-1,0,0
2.82,2.56,0,0,0,-1,0,-2,0,0,0,-1
1.37,8.17,-1,1,0,-5,0,-5,0,-5,0,-5
2.81,2.61,0,0,0,-3,0,-4,0,-1,0,-2
2,3.68,0,0,1,-4,0,-4,0,-3,0,-1
2.32,3.23,0,0,0,-2,0,-1,0,0,0,-1
2.39,2.94,0,0,0,-3,0,-6,0,-4,0,0
1.99,3.85,-1,1,0,-2,0,-3,0,-1,0,-3
2.67,2.64,0,0,1,-4,0,-3,1,0,0,-1
1.82,4.33,-1,1,0,-2,0,-1,0,-2,0,0
4.19,1.84,1,-1,0,-6,1,-3,0,0,1,-1
2.2,3.42,0,0,0,-3,0,-2,0,-1,0,-1
1.77,4.56,-1,1,0,-5,0,-2,0,-5,0,-3
1.8,4.68,-1,1,0,-2,0,-3,0,-1,0,-3
1.89,4.26,-1,1,0,-1,0,-2,0,-1,0,-3
2.63,2.66,0,0,0,-3,0,-4,0,-3,0,0
1.93,4.07,-1,1,0,-4,0,-1,0,-1,0,-1
1.95,4.01,-1,1,0,-2,0,-2,0,-1,0,-2
1.63,5.39,-1,1,0,-3,0,-4,0,-2,0,-3
2.77,2.64,0,0,0,-3,0,-5,0,0,0,-3
1.33,8.74,-1,1,0,-3,1,-5,0,-3,0,-5
3.22,2.21,0,0,1,-4,0,-5,1,0,0,0
2.05,3.78,0,0,0,-1,0,-3,0,-1,0,-3
2,3.79,0,0,0,-3,0,-3,0,-2,0,-1
1.88,4.44,-1,1,0,-3,0,-2,0,-3,0,-2
2.17,3.49,0,0,0,-3,0,-3,0,0,0,-2
2.26,3.14,0,0,2,-3,0,-4,0,-2,0,0
3.16,2.3,0,0,0,-5,0,-4,0,-1,0,-2
2.88,2.53,0,0,0,-1,0,-4,0,-1,0,0
2.38,3.03,0,0,0,-3,1,-3,0,0,0,-4
1.62,5.52,-1,1,0,-3,1,-6,0,-2,0,-5
2.94,2.39,0,0,0,-2,0,-3,0,0,0,0
2.62,2.93,0,0,0,-1,0,-2,0,0,0,0
2.33,3.1,0,0,0,-3,0,-4,0,-2,0,-1
1.92,4.26,-1,1,0,-3,0,-3,0,-3,0,-1
2.35,3.23,0,0,0,-2,0,-3,0,0,0,-3
1.77,4.7,-1,1,0,-5,0,-3,0,-5,0,-1
2.66,2.83,0,0,0,-2,0,-1,0,-1,0,0
2.17,3.53,0,0,0,-4,0,-1,0,-2,0,-1
2.9,2.4,0,0,1,-7,0,-2,1,0,0,-3
2.65,2.73,0,0,0,-3,0,-3,0,0,0,-1
2.39,2.92,0,0,0,-3,1,-3,0,-2,1,-1
1.94,4.26,-1,1,0,-1,0,-3,0,-2,0,-3
2.1,3.68,0,0,0,-4,0,-1,0,-2,0,0
1.94,3.93,-1,1,0,-4,0,-4,0,-5,0,-1
1.48,6.68,-1,1,0,-3,0,-5,0,-3,0,-4
3,2.43,0,0,0,-3,0,-2,0,0,0,-3
3.37,2.15,0,0,0,-4,0,-6,0,-3,0,0
1.73,5.15,-1,1,0,-3,0,-2,0,-3,0,-2
3.12,2.37,0,0,0,-2,0,-4,0,-1,0,0
2.01,4.07,0,0,0,-1,0,-3,0,0,0,-2
3.46,2.18,0,0,0,-5,0,-3,0,-1,0,0
2.32,3.2,0,0,0,-1,0,-3,0,0,0,-1
2.01,3.74,0,0,0,-5,0,-4,0,-5,0,0
2.52,2.85,0,0,0,-3,0,-2,0,-2,0,-1
2.48,2.86,0,0,0,-2,0,-3,0,0,0,-2
2.66,3.03,0,0,0,-3,0,-1,0,0,0,-1
1.39,8.12,-1,1,0,-3,1,-6,0,-3,0,-5
1.72,4.89,-1,1,0,-1,0,-2,0,-1,0,-3
1.73,4.73,-1,1,1,-3,0,-4,0,-2,0,-2
4.33,1.84,1,-1,0,-4,0,-3,0,0,0,0
3.13,2.31,0,0,0,-3,0,-4,0,-1,0,0
2.23,3.39,0,0,0,-3,0,-2,0,-3,0,0
2.17,3.31,0,0,0,-1,0,-4,0,0,0,-3
2.92,2.43,0,0,0,-2,0,-4,0,0,0,0
1.92,4.26,-1,1,0,0,0,-4,0,0,0,-4
1.96,3.84,-1,1,0,-2,0,-3,0,0,0,-3
1.58,5.98,-1,1,0,-4,1,-4,0,-5,0,-4
3.25,2.24,0,0,1,-7,0,-3,1,0,0,-1
1.83,4.24,-1,1,1,-3,0,-3,0,-3,0,-1
2.39,3,0,0,0,-2,0,-2,0,-2,0,0
2.61,2.72,0,0,0,-4,1,-3,0,-3,1,-1
2.86,2.48,0,0,0,-2,0,-2,0,0,0,0
1.57,6.1,-1,1,0,-5,0,-1,0,-4,0,-2
2.25,3.21,0,0,0,-2,0,-4,0,-2,0,-2
2.5,2.82,0,0,1,-5,0,-1,1,0,0,-1
3.06,2.31,0,0,0,-4,0,-4,0,-2,0,0
1.94,3.91,-1,1,0,-4,0,-2,0,-1,0,0
1.75,4.74,-1,1,0,-2,0,-2,0,-2,0,-2
2.03,3.79,0,0,0,-5,1,-6,0,0,0,-5
1.82,4.51,-1,1,0,-4,0,-1,0,-4,0,0
4.72,1.69,1,-1,0,-3,1,-3,0,0,1,0
1.65,5.26,-1,1,1,-3,0,-2,0,-2,0,-2
1.96,3.87,-1,1,0,-1,0,-3,0,-1,0,0
3.52,2.15,0,0,0,-3,0,-5,0,-2,0,0
2.05,3.89,0,0,0,-2,0,-3,0,0,0,-2
2.28,3.23,0,0,0,-3,0,-3,0,-1,0,-1
1.51,6.98,-1,1,0,-3,1,-6,0,-3,0,-4
2.01,3.69,0,0,0,-4,0,-3,0,-2,0,-3
2.85,2.44,0,0,1,-3,0,-1,1,0,0,-1
3.01,2.5,0,0,0,-5,0,-4,0,0,0,-1
1.89,3.99,-1,1,1,-3,0,-4,0,-2,0,-1
3,2.37,0,0,0,-2,0,-5,0,-2,0,0
1.59,5.87,-1,1,0,-4,0,-3,0,-4,0,-2
2.74,2.65,0,0,1,-5,0,-3,1,0,0,-2
3.39,2.19,0,0,0,-2,0,-4,0,0,0,0
2.09,3.61,0,0,0,-2,0,-2,0,-1,0,-1
3.21,2.25,0,0,0,-2,2,-3,0,-2,2,0
3.37,2.2,2,-2,1,-6,0,-3,1,0,0,-2
2.16,3.49,2,-2,0,-2,0,-2,0,0,0,-2
2.95,2.43,2,-2,0,-2,1,-4,0,-1,1,-1
2.59,2.75,2,-2,0,-1,0,-2,0,0,0,0
1.61,5.49,2,-2,0,-5,0,-4,0,-4,0,-2
1.84,4.51,2,-2,0,-3,0,-4,0,-1,0,-5
3.02,2.46,2,-2,0,-3,0,-5,0,-2,0,0
2.75,2.68,2,-2,0,-4,0,-1,0,0,0,0
2.1,3.59,2,-2,0,-3,0,-4,0,-5,0,0
1.82,4.28,2,-2,0,-5,1,-3,0,-3,0,-3
1.8,4.49,2,-2,2,-3,0,-2,0,-3,0,-1
2.04,3.79,2,-2,0,-3,1,-4,0,-1,0,-5
1.67,5.35,2,-2,4,-3,2,-3,2,-3,0,-2
2.25,3.46,2,-2,2,-4,2,-5,2,-3,2,0
2.6,2.63,2,-2,2,-4,3,-3,0,-1,3,-1
2.53,2.81,2,-2,2,-1,2,-2,0,-1,2,0
2.98,2.51,2,-2,2,-2,2,-4,2,-1,2,0
1.61,5.79,2,-2,2,-5,3,-5,2,-3,0,-4
1.93,4.1,2,-2,2,-2,2,-3,0,-1,0,-3
2.11,3.47,2,-2,2,-2,2,-3,2,0,2,-2
3.11,2.38,2,-2,3,-4,2,-3,1,0,0,-1
2.31,3.3,2,-2,2,-2,2,-2,0,0,0,-1
2.91,2.41,2,-2,2,0,2,-3,2,0,0,0
1.72,4.87,2,-2,4,-3,2,-4,2,-1,2,-4
1.94,4,2,-2,4,-3,4,-5,2,-4,0,-2
2.46,2.86,2,-2,4,-3,4,-1,2,-1,2,0
2.09,3.71,2,-2,4,-2,4,-2,2,-2,0,-1
1.86,4.28,2,-2,4,-4,6,-2,0,-5,2,-2
5.41,1.61,2,-2,5,-4,6,-3,3,0,2,0
2.44,2.86,2,-2,5,-3,4,-3,0,-3,0,0
2.93,2.52,2,-2,4,-4,6,-1,0,0,4,0
2.9,2.49,2,-2,4,-3,6,-4,2,0,2,-2
2.11,3.55,2,-2,4,-4,4,0,0,-4,0,0
2.4,2.99,2,-2,4,-2,4,-2,2,-1,0,-2
1.87,4.15,2,-2,4,-2,4,-2,0,-2,2,-2
1.5,6.39,2,-2,6,-2,3,-3,4,-3,2,-3
2.12,3.67,2,-2,6,-2,6,-2,4,-1,2,-1
2.24,3.28,2,-2,6,-2,4,-2,4,-1,2,-1
2.04,3.71,2,-2,4,-3,5,-4,0,-1,2,-4
2.29,3.23,2,-2,5,-2,6,-3,1,0,4,-3
3.67,2.04,2,-2,6,-1,6,-4,2,0,4,0
2.69,2.71,0,0,8,0,6,-4,2,-1,4,0
2.25,3.22,2,-2,8,-2,8,-2,4,-1,2,-1
3.18,2.26,2,-2,8,-2,8,-2,4,-1,2,0
3.01,2.26,2,-2,6,-2,7,-3,4,0,5,0
1.77,4.45,2,-2,8,-3,6,-1,4,-3,4,0
1.51,6.51,2,-2,6,-2,6,-2,4,-2,2,-1
2.21,3.28,2,-2,6,-1,8,-2,2,0,2,-1
1.79,4.5,2,-2,6,0,6,-3,4,0,2,-2
2.31,3.24,2,-2,7,-3,8,-2,3,0,6,-2
2.13,3.4,2,-2,7,-2,6,-4,3,0,2,-3
1.83,4.27,2,-2,8,-3,6,-3,4,-2,4,-2
2.37,3.06,2,-2,8,0,8,0,2,0,2,0
1.82,4.32,2,-2,8,-3,10,-2,2,-3,4,-1
2.54,2.83,2,-2,10,-2,6,-3,6,-1,4,0
2.22,3.39,2,-2,8,-1,10,-2,4,0,4,-1
1.92,4.14,2,-2,8,-2,8,-3,4,0,4,-2
1.68,5.24,2,-2,8,-2,10,-3,6,-1,4,-2
1.82,4.61,2,-2,8,-1,10,-2,4,0,8,-1
2.96,2.53,2,-2,8,-2,10,-2,4,-1,4,-1
2.04,3.89,2,-2,8,-1,9,-2,6,0,4,-3
1.6,5.3,2,-2,8,-1,9,-2,2,-2,4,-2
1.59,5.86,2,-2,8,-3,8,-2,2,-4,6,-1
2.01,3.52,2,-2,10,-2,10,-2,6,-2,4,0
1.93,4.16,2,-2,12,-2,10,-2,6,-1,4,-2
2.77,2.56,2,-2,8,-3,12,-2,2,-4,4,0
1.97,3.74,2,-2,10,0,10,-1,6,0,2,-2
1.59,5.47,2,-2,12,-1,10,0,6,-2,6,0
3.66,2.02,2,-2,11,-2,10,-3,5,0,6,0
2.8,2.46,2,-2,10,-1,10,-1,2,-1,6,0
2.83,2.63,2,-2,12,-1,10,-1,2,0,4,-2
3.19,2.33,2,-2,12,-1,10,-1,6,-1,2,0
3.08,2.3,2,-2,11,-2,10,0,5,0,4,-1
2.05,3.74,2,-2,12,-1,10,-2,6,-1,4,-1
3.37,2.14,2,-2,10,-2,12,-2,5,0,4,-2
2.7,2.66,2,-2,12,-2,10,-3,6,-1,6,0
3.13,2.4,2,-2,10,-3,12,-1,4,-3,4,0
1.64,5.31,2,-2,12,-3,12,-1,4,-3,6,-1
2.2,3.32,2,-2,12,-1,12,0,4,-1,6,0
3.61,2.08,2,-2,12,-2,12,0,6,0,4,0
2.08,3.68,1,-1,12,-1,13,-2,4,0,6,-2
2.3,3.08,2,-2,14,-2,14,0,8,0,6,0
1.32,10.21,2,-2,14,-1,14,-1,8,-1,10,0
3.29,2.34,2,-2,14,-1,14,0,6,0,6,0
1.82,4.22,2,-2,14,-1,14,-2,8,-1,6,-2
2.48,3.02,2,-2,12,-2,13,-1,6,-1,6,-2
2.32,3.23,2,-2,14,0,12,-2,6,0,6,0
1.81,4.45,2,-2,14,-2,14,-1,6,-2,6,-1
2.27,3.08,2,-2,12,-2,14,-1,4,-3,6,0
2.43,2.99,2,-2,12,-1,14,-1,8,0,6,0
2.16,3.37,2,-2,12,-2,14,-1,6,0,7,-1
2.12,3.55,2,-2,12,0,13,0,4,0,8,0
1.55,5.79,2,-2,14,-1,14,-1,6,-1,6,-1
2.82,2.55,2,-2,14,-2,16,-1,8,-1,6,-1
2.24,3.43,2,-2,16,0,14,-2,8,0,8,0
3.52,2.13,2,-2,16,0,14,-2,8,-1,8,0
3.56,2.03,2,-2,15,0,15,-1,5,0,6,0
2.26,3.32,2,-2,16,-1,14,-1,8,0,4,-1
1.38,8.11,2,-2,16,0,14,-2,8,-1,6,-2
1.88,4.18,2,-2,18,0,16,-1,10,0,8,0
1.76,4.79,2,-2,16,-2,16,-1,8,0,6,-1
3.14,2.32,2,-2,16,0,18,0,4,0,8,-1
2.32,3.27,2,-2,14,-1,16,0,6,0,8,-1
2.31,3.11,2,-2,16,0,16,0,8,0,8,0
6.26,1.53,2,-2,16,0,16,0,7,0,6,0
2.56,2.86,2,-2,16,-1,14,0,8,0,8,0
2.71,2.66,2,-2,16,-1,16,-2,6,-2,8,0
2.89,2.56,2,-2,18,0,16,-1,6,0,6,-1
1.56,5.94,2,-2,16,-2,16,0,6,-2,8,-1
5.16,1.66,2,-2,16,-2,17,0,8,0,7,0
2.07,3.65,2,-2,18,0,17,0,8,0,10,0
1.92,3.89,2,-2,18,0,17,0,10,0,9,0
2,3.75,2,-2,20,0,18,0,10,0,8,0
3.75,2.04,2,-2,18,-1,18,0,10,0,8,0
1.34,9.36,2,-2,18,0,18,0,10,0,10,0
2.52,2.95,2,-2,18,0,18,0,10,0,8,0
1.39,8.14,2,-2,18,-1,20,0,8,-1,10,0
2.02,3.86,1,-1,18,0,20,0,10,0,8,0
2.06,3.71,2,-2,18,0,18,-1,8,0,8,-1
3.44,2.17,2,-2,16,0,18,-1,6,0,8,-1
3.22,2.16,2,-2,18,0,18,0,8,0,8,0
1.77,4.39,2,-2,18,-1,18,0,8,-1,8,0
1.93,4.24,2,-2,20,0,20,0,10,0,10,0
2.56,2.91,2,-2,19,0,18,0,8,0,10,0
2.81,2.65,2,-2,20,0,20,0,10,0,8,0
3.37,2.2,2,-2,20,0,20,0,8,0,10,0
1.87,4.33,2,-2,18,0,20,0,8,-1,10,0
1.67,4.93,2,-2,20,0,20,0,10,0,10,0
3.51,2.15,2,-2,20,0,20,0,10,0,10,0
1.71,5.27,2,-2,19,0,20,0,7,0,8,-1
1.82,4.57,2,-2,19,0,20,0,10,0,8,0
4.47,1.81,2,-2,20,0,20,0,8,0,10,0
5.67,1.62,2,-2,20,0,20,0,10,0,8,0
3.16,2.32,2,-2,20,0,19,0,10,0,8,0
3.17,2.25,2,-2,19,0,20,0,10,0,10,0
1.52,6.32,2,-2,20,0,20,0,10,0,10,0
2.82,2.58,2,-2,20,0,20,0,10,0,10,0
2.42,2.9,2,-2,20,0,20,0,10,0,10,0
1.68,5.4,2,-2,20,0,20,0,10,0,10,0
2.59,2.85,2,-2,18,0,20,0,8,0,10,0
1.55,6.6,2,-2,18,0,20,0,10,0,10,0
2.88,2.54,2,-2,20,0,19,0,10,0,9,0
1.99,3.68,2,-2,20,0,20,0,10,0,10,0
1.44,7.21,2,-2,20,0,20,0,10,0,10,0
2.09,3.75,2,-2,19,0,20,0,10,0,10,0
2.14,3.61,2,-2,20,0,19,0,10,0,9,0
2.48,2.8,2,-2,20,0,19,0,10,0,10,0
2.5,2.93,2,-2,20,0,20,0,10,0,10,0
2.66,2.84,2,-2,20,0,19,0,10,0,10,0
2.46,3.01,2,-2,20,0,18,0,10,0,10,0
2,3.95,2,-2,20,0,18,0,10,0,8,0
4.89,1.71,2,-2,20,0,20,0,10,0,10,0
2.33,3.07,2,-2,20,0,20,0,10,0,10,0
1.79,4.74,2,-2,20,0,20,0,10,0,10,0
1.99,4.02,1,-1,20,0,20,0,10,0,10,0
2.73,2.87,2,-2,20,0,19,0,10,0,9,0
4.21,1.9,2,-2,19,0,20,0,10,0,10,0
1.6,5.55,2,-2,20,0,20,0,10,0,10,0
2.82,2.66,2,-2,20,0,20,0,10,0,10,0
1.38,8.37,2,-2,19,0,20,0,9,0,10,0
2.66,2.73,2,-2,19,0,20,0,10,0,10,0
2.28,3.34,2,-2,18,0,20,0,8,0,10,0
2.24,3.08,2,-2,20,0,20,0,10,0,10,0
1.74,5.04,2,-2,20,0,20,0,10,0,10,0
2.54,2.8,2,-2,19,0,20,0,9,0,10,0
1.95,3.92,2,-2,20,0,19,0,10,0,10,0
2.64,2.6,2,-2,20,0,20,0,10,0,10,0
2.95,2.42,2,-2,20,0,19,0,10,0,10,0
1.7,5.02,2,-2,20,0,18,0,10,0,10,0
3.69,2.05,2,-2,20,0,20,0,10,0,10,0
2.36,3.07,2,-2,20,0,20,0,10,0,10,0
3.2,2.34,2,-2,19,0,20,0,9,0,10,0
2.03,3.6,2,-2,20,0,20,0,10,0,10,0
1.55,5.72,2,-2,20,0,19,0,10,0,9,0
1.77,4.81,2,-2,20,0,20,0,10,0,10,0
1.42,7.59,2,-2,19,0,19,0,10,0,9,0
3.25,2.2,2,-2,20,0,20,0,10,0,10,0
3.58,1.98,2,-2,20,0,20,0,10,0,10,0
2.23,3.28,2,-2,20,0,19,0,10,0,10,0
1.92,3.69,2,-2,20,0,20,0,10,0,10,0
1.55,6.03,2,-2,19,0,20,0,9,0,10,0
2.12,3.43,2,-2,19,0,20,0,10,0,10,0
3.84,2.02,2,-2,19,0,19,0,10,0,9,0
2.99,2.37,2,-2,20,0,20,0,10,0,10,0
1.79,4.41,2,-2,20,0,20,0,10,0,10,0
1.92,4.35,2,-2,20,0,20,0,10,0,10,0
2.18,3.37,2,-2,20,0,20,0,10,0,10,0
1.59,5.62,2,-2,20,0,20,0,10,0,10,0
1.99,3.71,2,-2,20,0,20,0,10,0,10,0
6.75,1.5,2,-2,20,0,20,0,10,0,10,0
1.66,5.02,2,-2,19,0,19,0,9,0,10,0
3.69,1.97,2,-2,19,0,20,0,10,0,10,0
1.44,6.98,2,-2,19,0,20,0,9,0,10,0
1.56,5.99,2,-2,20,0,20,0,10,0,10,0
1.68,5.14,2,-2,20,0,20,0,10,0,10,0
5.22,1.67,2,-2,19,0,20,0,10,0,10,0
1.68,5.46,2,-2,20,0,20,0,10,0,10,0
3.32,2.15,2,-2,20,0,20,0,10,0,10,0
2.06,3.55,2,-2,20,0,20,0,10,0,10,0
2.5,2.74,2,-2,19,0,20,0,9,0,10,0
2.09,3.7,2,-2,20,0,20,0,10,0,10,0
1.41,7,2,-2,20,0,19,0,10,0,10,0
5,1.76,2,-2,20,0,19,0,10,0,9,0
3.57,2.13,2,-2,20,0,20,0,10,0,10,0
2.21,3.29,2,-2,20,0,20,0,10,0,9,0
1.33,8.96,2,-2,20,0,20,0,10,0,10,0
2.79,2.51,2,-2,19,0,20,0,9,0,10,0
1.39,7.98,2,-2,20,0,20,0,10,0,10,0
2.46,2.98,2,-2,20,0,20,0,10,0,10,0
1.93,3.74,2,-2,20,0,20,0,10,0,10,0
1.98,3.69,2,-2,20,0,19,0,10,0,9,0
2.59,2.85,2,-2,20,0,19,0,10,0,10,0
1.87,4.04,2,-2,20,0,20,0,10,0,10,0
2.16,3.35,2,-2,19,0,20,0,10,0,10,0
3.38,2.22,2,-2,20,0,20,0,10,0,10,0
1.89,4.06,2,-2,19,0,20,0,9,0,10,0
2.96,2.65,2,-2,19,0,20,0,10,0,10,0
3.21,2.24,2,-2,20,0,20,0,10,0,10,0
2.64,2.74,1,-1,20,0,20,0,10,0,10,0
3.45,2.07,2,-2,20,0,20,0,10,0,10,0
1.71,4.71,2,-2,19,0,20,0,9,0,10,0
1.49,6.52,2,-2,20,0,20,0,10,0,10,0
3.81,1.9,2,-2,19,0,20,0,9,0,10,0
1.77,4.47,2,-2,20,0,20,0,10,0,10,0
2,3.78,2,-2,20,0,20,0,10,0,10,0
1.86,4.09,2,-2,20,0,20,0,10,0,10,0
2.42,3.1,2,-2,20,0,20,0,10,0,10,0
3.7,1.96,2,-2,19,0,20,0,10,0,10,0
2.21,3.22,2,-2,20,0,19,0,10,0,9,0
3.64,2.21,2,-2,20,0,19,0,10,0,10,0
2.5,2.71,2,-2,20,0,20,0,10,0,10,0
1.49,5.66,2,-2,20,0,20,0,10,0,10,0
2.24,3.06,2,-2,20,0,20,0,10,0,10,0
1.87,4.03,2,-2,20,0,19,0,10,0,10,0
2.44,2.82,2,-2,20,0,20,0,10,0,10,0
2.87,2.3,2,-2,20,0,20,0,10,0,10,0
1.26,9.72,2,-2,20,0,20,0,10,0,10,0
1.84,4.07,2,-2,19,0,19,0,10,0,10,0
1.88,3.91,2,-2,20,0,20,0,10,0,10,0
3.74,1.93,2,-2,20,0,19,0,10,0,10,0
3.53,1.94,2,-2,20,0,20,0,10,0,10,0
2.71,2.45,2,-2,19,0,19,0,10,0,9,0
2.59,2.83,2,-2,20,0,20,0,10,0,10,0
2.43,2.9,2,-2,20,0,20,0,10,0,10,0
1.9,3.93,2,-2,20,0,20,0,10,0,10,0
1.89,4.21,2,-2,20,0,20,0,10,0,10,0
3.28,2.39,2,-2,20,0,20,0,10,0,10,0
2.8,2.52,2,-2,20,0,20,0,10,0,10,0
1.75,4.45,2,-2,20,0,19,0,10,0,10,0
2.14,3.38,2,-2,20,0,20,0,10,0,10,0
1.81,4.3,2,-2,20,0,20,0,10,0,10,0
2.08,3.55,2,-2,20,0,20,0,10,0,10,0
1.87,4.08,2,-2,20,0,20,0,10,0,10,0
1.65,5.17,2,-2,20,0,19,0,10,0,9,0
2.36,2.91,2,-2,20,0,20,0,10,0,10,0
2.48,2.79,2,-2,20,0,20,0,10,0,10,0
1.89,3.96,2,-2,20,0,20,0,10,0,10,0
1.88,4.09,2,-2,20,0,20,0,10,0,10,0
3.14,2.22,2,-2,19,0,20,0,10,0,10,0
2.4,2.93,2,-2,19,0,2,-3,9,0,0,-2
2.05,3.45,2,-2,20,0,20,0,10,0,10,0
2.28,3.2,2,-2,20,0,20,0,10,0,10,0
2.25,3.06,2,-2,20,0,20,0,10,0,10,0
1.85,3.92,2,-2,20,0,19,0,10,0,10,0
2.23,3.12,2,-2,20,0,20,0,10,0,10,0
1.75,4.32,2,-2,20,0,20,0,10,0,10,0
1.58,5.4,2,-2,20,0,20,0,10,0,9,0
2.54,2.8,2,-2,4,-2,20,0,2,-2,10,0
1.95,3.7,2,-2,20,0,20,0,10,0,10,0
2.29,3.03,2,-2,20,0,20,0,9,0,10,0
3.47,2.02,2,-2,20,0,20,0,10,0,10,0
2,3.64,2,-2,20,0,20,0,10,0,10,0
2.24,3.08,2,-2,20,0,20,0,10,0,10,0
2.52,2.88,2,-2,20,0,20,0,10,0,10,0
2.4,2.96,2,-2,20,0,20,0,10,0,10,0
2.16,3.38,2,-2,20,0,6,-2,10,0,2,-1
2.18,3.1,2,-2,20,0,20,0,10,0,10,0
2.18,3.23,2,-2,20,0,20,0,10,0,10,0
2.39,3.04,2,-2,20,0,20,0,10,0,10,0
1.53,5.55,2,-2,20,0,20,0,10,0,10,0
2.21,3.1,2,-2,20,0,20,0,10,0,10,0
1.94,3.91,2,-2,20,0,20,0,10,0,10,0
1.71,4.57,2,-2,20,0,20,0,10,0,10,0
4.18,1.77,2,-2,20,0,20,0,10,0,10,0
2.65,2.55,2,-2,20,0,20,0,10,0,10,0
2.39,2.76,1,-1,10,0,10,0,4,0,4,0
2.31,2.81,2,-2,20,0,20,0,10,0,10,0
1.98,3.57,2,-2,20,0,10,0,10,0,4,0
3.69,1.95,2,-2,10,-2,10,0,4,-2,4,0
1.9,3.8,2,-2,20,0,20,0,10,0,10,0
2.29,3.1,2,-2,20,0,20,0,10,0,10,0
1.84,4.15,2,-2,20,0,20,0,10,0,10,0
2.02,3.65,2,-2,20,0,20,0,10,0,10,0
2.92,2.3,2,-2,20,0,20,0,10,0,10,0
2.43,2.88,2,-2,20,0,20,0,10,0,10,0
3.51,2.01,2,-2,20,0,10,0,10,0,4,0
2.2,3.05,2,-2,7,0,8,0,3,0,4,0
2.32,3.26,2,-2,20,0,20,0,10,0,10,0
2.69,2.59,2,-2,20,0,20,0,10,0,10,0
1.59,5.06,2,-2,20,0,8,0,10,0,4,0
2.64,2.63,0,0,20,0,20,0,10,0,10,0
3.32,2.1,2,-2,12,-1,20,0,6,-1,10,0
1.68,5.06,2,-2,20,0,20,0,10,0,10,0
2.2,3.24,2,-2,20,0,20,0,10,0,10,0
2.84,2.45,2,-2,20,0,20,0,10,0,10,0
2.27,2.86,2,-2,20,0,20,0,10,0,10,0
3.53,1.96,2,-2,20,0,8,0,10,0,4,0
2.43,2.76,2,-2,20,0,7,0,10,0,3,0
1.86,4.17,2,-2,20,0,20,0,10,0,10,0
1.65,4.8,2,-2,5,0,20,0,4,0,10,0
3.26,2.03,2,-2,6,0,20,0,4,0,10,0
3.28,2.23,2,-2,20,0,20,0,10,0,10,0
1.65,4.59,2,-2,6,0,20,0,4,0,10,0
1.73,4.35,2,-2,6,0,20,0,4,0,10,0
2.22,2.95,2,-2,20,0,5,0,10,0,4,0
2.03,3.66,2,-2,20,0,14,-1,10,0,6,0
2.08,3.57,2,-2,20,0,20,0,10,0,10,0
1.99,3.54,2,-2,20,0,20,0,10,0,10,0
1.93,3.76,2,-2,20,0,18,0,10,0,10,0
1.94,3.7,2,-2,18,0,20,0,10,0,10,0
3.19,2.19,2,-2,16,-1,20,0,8,-1,10,0
2.49,8.22,2,-2,4,0,4,0,2,0,2,0
1.72,5.61,2,-2,18,0,20,0,8,0,10,0
2.21,3.27,2,-2,20,0,20,0,10,0,10,0
3.48,1.99,2,-2,20,0,4,0,10,0,2,0
1.83,3.87,2,-2,20,0,4,0,10,0,2,0
2.46,2.84,2,-2,20,0,20,0,10,0,10,0
2.51,2.87,2,-2,20,0,20,0,10,0,10,0
2.57,2.63,1,-1,20,0,20,0,10,0,10,0
2.8,2.46,2,-2,20,0,18,0,10,0,8,0
1.87,3.99,2,-2,20,0,20,0,10,0,10,0
3.46,1.94,2,-2,20,0,4,0,10,0,2,0
1.87,3.85,2,-2,19,0,18,0,10,0,10,0
2.43,2.72,1,-1,2,0,20,0,2,0,10,0
1.71,4.36,2,-2,2,0,20,0,2,0,10,0
2.22,3.2,2,-2,20,0,20,0,10,0,10,0
1.6,5.74,2,-2,20,0,18,0,10,0,8,0
2.65,2.53,2,-2,20,0,2,0,10,0,2,0
1.31,8.91,2,-2,2,0,20,0,2,0,10,0
1.47,6.7,2,-2,2,0,20,0,2,0,10,0
2.04,3.49,2,-2,20,0,19,0,10,0,10,0
2.11,3.15,2,-2,18,0,20,0,10,0,10,0
2.73,2.55,2,-2,20,0,20,0,10,0,10,0
3.86,1.98,2,-2,20,0,20,0,10,0,10,0
2.78,2.57,2,-2,20,0,20,0,10,0,10,0
2.29,2.91,2,-2,20,0,19,0,10,0,9,0
3.22,2.09,2,-2,20,0,20,0,10,0,10,0
2.32,3.18,2,-2,18,0,19,0,8,0,10,0
1.45,6.54,2,-2,19,0,20,0,10,0,10,0
1.46,6.37,2,-2,20,0,20,0,10,0,10,0
1.28,9.49,2,-2,19,0,20,0,9,0,10,0
1.52,5.97,2,-2,20,0,20,0,10,0,10,0
2.46,2.73,2,-2,18,0,20,0,10,0,10,0
2.44,2.68,2,-2,19,0,20,0,9,0,10,0
2.65,2.67,0,0,20,0,20,0,10,0,10,0
2.46,2.89,2,-2,19,0,20,0,10,0,10,0
2.41,3.01,2,-2,20,0,19,0,10,0,9,0
4.22,1.75,2,-2,20,0,19,0,10,0,9,0
2.34,2.95,2,-2,20,0,20,0,10,0,10,0
2.77,2.46,2,-2,20,0,18,0,10,0,8,0
3.38,2.01,2,-2,20,0,20,0,10,0,10,0
1.79,4.53,2,-2,19,0,18,0,9,0,10,0
2.01,3.45,2,-2,20,0,18,0,10,0,10,0
1.79,4.32,2,-2,18,0,20,0,10,0,10,0
1.64,4.77,2,-2,20,0,19,0,10,0,10,0
1.71,4.58,2,-2,19,0,20,0,10,0,10,0
2.86,2.33,2,-2,20,0,19,0,10,0,10,0
2.57,2.63,2,-2,19,0,20,0,10,0,10,0
2.62,2.47,2,-2,20,0,19,0,10,0,9,0
2.4,2.92,2,-2,20,0,19,0,10,0,10,0
2.42,2.98,2,-2,18,0,18,0,10,0,10,0
1.52,5.59,2,-2,19,0,20,0,10,0,10,0
1.64,5.28,2,-2,20,0,20,0,10,0,10,0
2.46,2.86,2,-2,20,0,20,0,10,0,10,0
4.93,1.69,2,-2,20,0,18,0,10,0,8,0
2.24,3.11,2,-2,19,0,18,0,9,0,10,0
3.78,1.88,2,-2,20,0,20,0,10,0,10,0
3.09,2.26,2,-2,20,0,19,0,10,0,10,0
3.91,1.89,2,-2,20,0,20,0,10,0,10,0
1.49,6.05,2,-2,19,0,20,0,9,0,10,0
1.3,9.01,2,-2,20,0,18,0,10,0,8,0
1.95,3.51,2,-2,20,0,20,0,10,0,10,0
2.01,3.62,2,-2,18,0,20,0,8,0,10,0
1.89,3.62,2,-2,20,0,20,0,10,0,10,0
1.76,4.29,2,-2,19,0,20,0,10,0,10,0
2.09,3.67,2,-2,19,0,19,0,9,0,9,0
1.35,7.17,2,-2,20,0,19,0,10,0,10,0
1.96,3.8,2,-2,20,0,20,0,10,0,10,0
6.61,1.43,2,-2,20,0,19,0,10,0,9,0
1.78,4.54,2,-2,18,0,20,0,8,0,10,0
2.34,3.05,2,-2,18,0,20,0,10,0,10,0
2.06,3.26,2,-2,19,0,20,0,10,0,10,0
2.75,2.56,2,-2,20,0,18,0,10,0,8,0
2.07,3.58,2,-2,20,0,18,0,10,0,10,0
3.44,2.04,2,-2,19,0,19,0,10,0,10,0
3.41,2.11,2,-2,18,0,19,0,10,0,10,0
2.8,2.39,2,-2,20,0,20,0,10,0,10,0
3.73,1.9,2,-2,20,0,20,0,10,0,10,0
1.89,4.06,2,-2,20,0,20,0,10,0,10,0
2.24,3.28,2,-2,20,0,18,0,10,0,10,0
3.78,1.84,2,-2,19,0,19,0,9,0,9,0
2.82,2.5,2,-2,20,0,20,0,10,0,10,0
2.2,2.94,1,-1,20,0,20,0,10,0,10,0
5.52,1.53,2,-2,20,0,20,0,10,0,10,0
2.01,3.46,2,-2,19,0,20,0,10,0,10,0
1.61,5.03,2,-2,20,0,20,0,10,0,10,0
1.64,5.2,2,-2,20,0,20,0,10,0,10,0
2.71,2.42,2,-2,19,0,19,0,10,0,9,0
2.01,3.52,2,-2,18,0,19,0,8,0,10,0
2.5,2.98,2,-2,18,0,19,0,8,0,9,0
1.93,3.71,2,-2,19,0,20,0,9,0,10,0
1.75,4.78,2,-2,20,0,18,0,10,0,8,0
1.22,10.45,2,-2,20,0,19,0,10,0,10,0
2.21,3.11,2,-2,18,0,20,0,10,0,10,0
1.45,7.12,2,-2,19,0,20,0,9,0,10,0
2.97,2.43,2,-2,20,0,20,0,10,0,10,0
8.79,1.32,2,-2,20,0,20,0,10,0,10,0
2.73,2.52,2,-2,20,0,20,0,10,0,10,0
2.18,3.38,2,-2,20,0,18,0,10,0,10,0
4.41,1.76,2,-2,18,0,20,0,10,0,10,0
2.19,3.08,2,-2,20,0,19,0,10,0,9,0
3.43,2.09,2,-2,20,0,19,0,10,0,9,0
2.59,2.7,2,-2,19,0,18,0,10,0,8,0
1.6,5.37,2,-2,20,0,19,0,10,0,10,0
1.75,4.39,2,-2,19,0,20,0,9,0,10,0
2.35,3.12,2,-2,20,0,18,0,10,0,10,0
3.44,1.96,2,-2,19,0,20,0,9,0,10,0
2.44,2.76,2,-2,20,0,20,0,10,0,10,0
2.81,2.56,2,-2,20,0,20,0,10,0,10,0
1.63,4.71,2,-2,20,0,19,0,10,0,10,0
3.27,2.23,2,-2,20,0,20,0,8,0,10,0
1.45,6.91,2,-2,20,0,20,0,10,0,10,0
1.66,4.98,2,-2,19,0,20,0,10,0,10,0
2.15,3.19,2,-2,19,0,19,0,9,0,10,0
1.74,4.18,2,-2,19,0,20,0,10,0,10,0
1.29,8.81,2,-2,20,0,20,0,10,0,10,0
1.5,5.99,2,-2,20,0,18,0,10,0,8,0
1.61,5.13,2,-2,20,0,20,0,10,0,10,0
5.64,1.57,2,-2,18,0,20,0,8,0,10,0
1.59,5.22,2,-2,20,0,19,0,10,0,9,0
2.13,3.54,2,-2,20,0,20,0,10,0,10,0
3.06,2.32,2,-2,20,0,20,0,10,0,10,0
1.62,5.1,2,-2,20,0,20,0,10,0,10,0
2.03,3.63,2,-2,20,0,19,0,10,0,10,0
1.93,3.94,2,-2,20,0,18,0,10,0,8,0
3.11,2.27,2,-2,19,0,20,0,10,0,10,0
1.77,4.12,2,-2,20,0,20,0,10,0,10,0
2.64,2.49,2,-2,19,0,20,0,9,0,10,0
1.63,4.78,2,-2,20,0,19,0,10,0,9,0
1.6,5.43,2,-2,20,0,20,0,10,0,10,0
2.63,2.57,2,-2,18,0,19,0,8,0,9,0
2.22,3.16,2,-2,20,0,19,0,10,0,10,0
1.71,4.51,2,-2,20,0,20,0,10,0,10,0
4.32,1.67,2,-2,19,0,20,0,10,0,10,0
2.15,3.35,2,-2,20,0,20,0,10,0,10,0
2.84,2.38,2,-2,20,0,20,0,9,0,10,0
3.04,2.32,2,-2,20,0,20,0,10,0,10,0
2.9,2.49,2,-2,18,0,20,0,10,0,10,0
3.33,2.11,2,-2,20,0,20,0,10,0,10,0
2.22,2.95,2,-2,20,0,20,0,10,0,10,0
1.84,4.1,2,-2,19,0,20,0,9,0,10,0
1.23,10.8,2,-2,20,0,19,0,10,0,10,0
2.13,3.48,2,-2,20,0,19,0,10,0,9,0
2.1,3.59,2,-2,20,0,18,0,10,0,10,0
2.89,2.36,2,-2,20,0,20,0,10,0,10,0
2.7,2.74,2,-2,18,0,20,0,10,0,10,0
5.62,1.61,2,-2,20,0,20,0,10,0,10,0
2,3.48,2,-2,19,0,20,0,10,0,10,0
2.09,3.38,2,-2,20,0,20,0,10,0,10,0
3.21,2.12,2,-2,20,0,20,0,10,0,10,0
1.81,4.11,2,-2,19,0,18,0,9,0,10,0
2.07,3.34,2,-2,20,0,20,0,10,0,10,0
1.38,8.07,2,-2,20,0,20,0,10,0,10,0
1.95,3.85,2,-2,20,0,20,0,10,0,10,0
2.54,2.6,1,-1,20,0,20,0,10,0,10,0
1.87,3.81,2,-2,20,0,20,0,10,0,10,0
1.52,5.53,2,-2,20,0,19,0,10,0,10,0
2.94,2.36,2,-2,20,0,20,0,10,0,10,0
2.23,3.32,2,-2,20,0,20,0,8,0,10,0
1.75,4.66,2,-2,20,0,20,0,10,0,10,0
2.75,2.66,1,-1,20,0,20,0,10,0,10,0
1.51,5.71,2,-2,20,0,19,0,10,0,10,0
1.64,4.59,2,-2,19,0,19,0,10,0,9,0
3.14,2.15,2,-2,20,0,20,0,10,0,10,0
1.67,4.66,2,-2,20,0,20,0,10,0,10,0
1.72,4.93,2,-2,20,0,20,0,10,0,8,0
1.85,4.32,2,-2,20,0,20,0,10,0,10,0
6.33,1.46,2,-2,20,0,20,0,10,0,10,0
2.01,3.61,2,-2,20,0,19,0,10,0,10,0
2.72,2.58,2,-2,20,0,20,0,10,0,10,0
1.77,4.04,2,-2,20,0,20,0,10,0,10,0
2.43,2.89,2,-2,20,0,20,0,10,0,10,0
4.36,1.79,2,-2,20,0,19,0,10,0,9,0
1.58,5.31,2,-2,19,0,20,0,9,0,10,0
2.13,3.48,2,-2,20,0,20,0,10,0,10,0
1.77,4.11,2,-2,20,0,19,0,10,0,10,0
1.16,14.96,1,-1,20,0,20,0,10,0,10,0
2.01,3.63,2,-2,20,0,20,0,10,0,10,0
2.53,2.59,2,-2,19,0,19,0,10,0,9,0
2.07,3.21,2,-2,20,0,20,0,10,0,10,0
5.88,1.53,2,-2,19,0,20,0,9,0,10,0
2.17,3.48,2,-2,20,0,20,0,10,0,10,0
1.92,3.87,2,-2,20,0,19,0,10,0,10,0
1.92,3.93,2,-2,19,0,20,0,10,0,10,0
1.78,4.5,2,-2,19,0,20,0,9,0,10,0
5.22,1.61,2,-2,19,0,20,0,10,0,10,0
1.93,3.72,2,-2,20,0,20,0,10,0,10,0
1.43,6.56,2,-2,19,0,20,0,10,0,10,0
3.03,2.19,2,-2,20,0,19,0,10,0,9,0
2.64,2.55,2,-2,20,0,20,0,10,0,10,0
2.72,2.53,2,-2,20,0,20,0,10,0,10,0
3,2.25,2,-2,20,0,19,0,10,0,10,0
1.29,8.43,2,-2,19,0,20,0,10,0,10,0
1.56,5.72,2,-2,20,0,20,0,10,0,10,0
5.62,1.57,2,-2,20,0,19,0,10,0,10,0
2.29,3.11,2,-2,20,0,19,0,10,0,10,0
1.82,3.74,2,-2,20,0,19,0,10,0,9,0
6.61,1.46,2,-2,19,0,20,0,10,0,10,0
1.7,4.47,2,-2,19,0,20,0,9,0,10,0
2.26,3.4,2,-2,19,0,20,0,9,0,10,0
4.4,1.74,2,-2,20,0,20,0,10,0,10,0
2.84,2.44,2,-2,20,0,20,0,10,0,10,0
2.06,3.47,2,-2,19,0,20,0,10,0,10,0
3.23,2.22,2,-2,20,0,20,0,10,0,10,0
1.65,5.07,2,-2,20,0,19,0,10,0,10,0
1.24,11.32,2,-2,19,0,20,0,9,0,10,0
2.44,3.12,2,-2,20,0,20,0,10,0,10,0
1.47,5.99,2,-2,20,0,19,0,10,0,9,0
2.06,3.32,2,-2,20,0,19,0,10,0,10,0
2.89,2.4,2,-2,20,0,20,0,10,0,10,0
2.65,2.41,2,-2,20,0,19,0,10,0,9,0
1.26,9.78,2,-2,20,0,20,0,10,0,10,0
3.52,1.97,2,-2,20,0,19,0,9,0,9,0
2.19,3.38,2,-2,20,0,20,0,10,0,10,0
3.11,2.29,2,-2,20,0,20,0,10,0,10,0
2.8,2.49,2,-2,20,0,20,0,10,0,10,0
2.25,2.96,2,-2,20,0,20,0,10,0,10,0
3.13,2.17,2,-2,19,0,19,0,9,0,10,0
1.35,7.81,2,-2,19,0,20,0,10,0,10,0
5.08,1.62,2,-2,20,0,20,0,10,0,10,0
2.55,2.91,2,-2,19,0,20,0,9,0,10,0
3.81,1.94,2,-2,19,0,20,0,10,0,10,0
1.8,4.08,2,-2,20,0,20,0,10,0,10,0
2.18,3.08,2,-2,20,0,20,0,10,0,10,0
2.25,3.01,2,-2,20,0,20,0,10,0,10,0
3.04,2.3,2,-2,20,0,20,0,10,0,10,0
2.05,3.47,2,-2,20,0,20,0,10,0,10,0
2.66,2.66,0,0,20,0,19,0,10,0,9,0
1.83,4.17,2,-2,20,0,20,0,10,0,10,0
5.02,1.59,2,-2,20,0,19,0,10,0,9,0
2.54,2.88,2,-2,18,0,20,0,8,0,10,0
1.83,3.96,2,-2,20,0,20,0,10,0,10,0
2.27,3.14,2,-2,20,0,17,0,10,0,7,0
2.07,3.4,2,-2,20,0,20,0,10,0,10,0
2.32,2.92,2,-2,20,0,20,0,10,0,10,0
1.3,9.62,2,-2,20,0,19,0,10,0,9,0
3.39,2.05,2,-2,20,0,19,0,10,0,10,0
2.67,2.6,2,-2,20,0,20,0,10,0,10,0
1.27,10.2,2,-2,20,0,19,0,10,0,10,0
1.8,4.24,2,-2,19,0,20,0,9,0,10,0
1.38,7.01,2,-2,20,0,20,0,10,0,10,0
1.97,3.71,2,-2,20,0,20,0,10,0,10,0
2.11,3.73,2,-2,20,0,19,0,10,0,10,0
1.93,3.99,2,-2,18,0,20,0,8,0,10,0
1.74,4.64,2,-2,19,0,20,0,9,0,10,0
1.33,8.11,2,-2,19,0,20,0,9,0,10,0
2.51,2.75,2,-2,20,0,17,0,10,0,7,0
4.44,1.77,2,-2,20,0,20,0,10,0,10,0
1.64,4.97,2,-2,20,0,20,0,10,0,10,0
1.87,4.01,2,-2,17,0,20,0,10,0,10,0
3.62,2.02,2,-2,19,0,20,0,9,0,10,0
3.77,1.89,2,-2,20,0,19,0,10,0,10,0
1.92,3.92,2,-2,20,0,20,0,10,0,10,0
2.38,2.76,2,-2,20,0,19,0,10,0,10,0
2.45,2.9,2,-2,20,0,20,0,10,0,10,0
8.92,1.3,2,-2,19,0,19,0,10,0,9,0
1.9,3.75,2,-2,20,0,18,0,10,0,10,0
1.99,3.39,2,-2,20,0,20,0,10,0,10,0
2.08,3.47,2,-2,20,0,20,0,10,0,10,0
2.32,2.96,2,-2,20,0,20,0,10,0,10,0
1.98,3.68,2,-2,20,0,20,0,10,0,10,0
3.71,1.89,2,-2,17,0,19,0,10,0,10,0
2.53,2.68,2,-2,18,0,20,0,8,0,10,0
1.75,4.47,2,-2,20,0,20,0,10,0,10,0
1.25,10.62,2,-2,19,0,20,0,10,0,10,0
1.5,5.66,2,-2,20,0,20,0,10,0,10,0
1.14,16.54,-2,2,20,0,19,0,10,0,9,0
1.7,4.52,2,-2,20,0,20,0,10,0,10,0
2.3,2.82,2,-2,20,0,20,0,10,0,10,0
2.39,3.08,2,-2,20,0,19,0,10,0,10,0
1.73,4.42,2,-2,19,0,20,0,9,0,10,0
2.08,3.29,2,-2,20,0,17,0,10,0,8,0
2.3,2.81,2,-2,20,0,20,0,10,0,10,0
4.7,1.78,2,-2,17,-2,20,0,10,0,10,0
5.16,1.56,2,-2,20,0,18,-2,10,0,10,0
1.26,10.18,2,-2,19,0,20,0,9,0,10,0
4.15,1.8,2,-2,20,0,19,0,10,0,9,0
1.69,5.19,2,-2,20,0,20,0,10,0,10,0
2.16,3.37,2,-2,20,0,18,0,10,0,10,0
3.31,2.2,1,-1,20,0,20,0,10,0,10,0
3.18,2.06,1,-1,20,0,20,0,10,0,10,0
3.06,2.24,2,-2,19,0,20,0,9,0,10,0
3.74,1.96,2,-2,20,0,20,0,10,0,10,0
2.92,2.28,2,-2,20,0,20,0,10,0,10,0
7,1.38,2,-2,19,0,18,-2,9,0,10,0
3.81,1.86,2,-2,20,0,20,0,10,0,10,0
2.65,2.59,2,-2,20,0,19,0,10,0,9,0
1.54,5.35,2,-2,19,0,20,0,9,0,10,0
2.76,2.43,2,-2,20,0,19,0,10,0,9,0
1.74,4.57,2,-2,20,0,20,0,10,0,10,0
2.5,2.71,2,-2,20,0,20,0,10,0,10,0
2.04,3.72,2,-2,20,0,18,0,10,0,10,0
2.16,3.42,2,-2,20,0,20,0,10,0,10,0
4,1.91,2,-2,17,-2,18,0,10,0,8,0
2.78,2.48,2,-2,19,0,20,0,9,0,10,0
1.23,11.77,2,-2,20,0,17,-2,10,0,7,-2
3.31,2.1,1,-1,19,0,20,0,9,0,10,0
1.51,5.57,2,-2,20,0,20,0,10,0,10,0
2.91,2.39,2,-2,20,0,20,0,10,0,10,0
1.66,4.79,2,-2,19,0,20,0,10,0,10,0
2.58,2.97,2,-2,18,-2,20,0,8,-2,10,0
2.44,3.14,2,-2,20,0,19,0,10,0,9,0
2.59,2.76,2,-2,20,0,20,0,10,0,10,0
1.39,7.2,1,-1,20,0,20,0,10,0,10,0
2.69,2.69,0,0,20,0,20,0,10,0,10,0
1.66,5.47,2,-2,18,0,18,-2,8,0,7,-2
2.02,3.58,2,-2,18,0,19,0,10,0,10,0
1.45,6.1,2,-2,20,0,18,0,10,0,10,0
2.54,2.58,2,-2,20,0,20,0,10,0,10,0
1.99,3.68,2,-2,19,0,20,0,10,0,10,0
1.51,5.64,2,-2,20,0,20,0,10,0,10,0
2.11,3.41,2,-2,19,0,19,0,10,0,9,0
1.93,4.16,2,-2,20,0,18,0,10,0,10,0
5.52,1.56,2,-2,19,0,18,-2,9,0,10,0
2.08,3.3,2,-2,20,0,20,0,10,0,10,0
2.84,2.47,2,-2,20,0,20,0,10,0,10,0
1.48,6.23,2,-2,20,0,18,0,10,0,10,0
1.89,3.9,2,-2,20,0,19,0,10,0,9,0
2.46,2.89,2,-2,19,0,18,0,10,0,8,0
4.04,1.75,2,-2,20,0,19,0,10,0,10,0
4.08,1.77,2,-2,18,0,20,0,8,0,10,0
3.26,2.24,1,-1,18,-2,20,0,10,0,10,0
2.44,2.74,2,-2,18,0,20,0,10,0,10,0
1.32,8.48,2,-2,19,0,17,-2,10,0,8,-2
2.19,3.35,2,-2,20,0,19,0,10,0,9,0
1.91,3.81,2,-2,19,0,18,0,10,0,10,0
1.66,4.77,2,-2,20,0,20,0,10,0,10,0
4.12,1.81,2,-2,19,0,20,0,10,0,10,0
1.36,7.66,2,-2,18,-2,18,0,8,-2,8,0
1.61,5.25,2,-2,20,0,20,0,10,0,10,0
2.59,2.83,2,-2,18,0,19,0,8,0,10,0
2.19,3.17,2,-2,18,0,20,0,10,0,10,0
2.47,2.73,2,-2,20,0,20,0,10,0,10,0
3.09,2.43,2,-2,18,0,19,0,8,0,9,0
5.64,1.53,2,-2,19,0,18,-2,10,0,10,0
4.65,1.72,2,-2,18,0,20,0,8,0,10,0
2.31,3.02,2,-2,18,0,20,0,10,0,10,0
1.34,8.71,2,-2,20,0,17,-2,10,0,8,-2
1.84,3.96,2,-2,20,0,18,0,10,0,10,0
2.78,2.41,2,-2,18,0,19,0,10,0,9,0
1.34,7.96,2,-2,19,0,19,0,9,0,9,0
3.26,2.12,1,-1,20,0,20,0,10,0,10,0
2.18,3.33,2,-2,19,0,20,0,10,0,10,0
2.49,2.89,2,-2,20,0,18,0,10,0,8,0
2.74,2.6,2,-2,19,0,19,0,9,0,9,0
2.29,3.1,2,-2,20,0,20,0,10,0,10,0
2.87,2.31,2,-2,20,0,20,0,10,0,10,0
2.02,3.77,2,-2,20,0,18,0,10,0,10,0
1.8,4.15,2,-2,20,0,20,0,10,0,10,0
2.34,2.98,2,-2,20,0,20,0,10,0,10,0
2.8,2.56,2,-2,19,0,20,0,10,0,10,0
2.34,2.98,2,-2,18,0,20,0,8,0,10,0
4.57,1.82,2,-2,17,-2,19,0,9,0,10,0
2.58,2.69,2,-2,18,0,20,0,10,0,10,0
1.8,4.72,2,-2,19,0,20,0,10,0,10,0
1.56,5.39,2,-2,20,0,19,0,10,0,9,0
1.29,10.01,2,-2,18,-2,19,0,8,-2,9,0
5,1.65,2,-2,20,0,19,0,10,0,9,0
3.14,2.41,2,-2,19,0,19,0,10,0,9,0
3.04,2.23,1,-1,19,0,19,0,9,0,9,0
1.46,6.03,2,-2,20,0,18,0,10,0,10,0
1.52,5.11,2,-2,19,0,20,0,9,0,10,0
2.53,2.91,2,-2,18,0,19,0,8,0,9,0
1.48,6.78,2,-2,20,0,17,-2,10,0,8,-2
1.99,3.67,2,-2,20,0,20,0,10,0,10,0
1.92,3.75,2,-2,19,0,18,0,9,0,8,0
2.48,2.73,2,-2,19,0,20,0,10,0,10,0
3.65,1.91,2,-2,20,0,20,0,10,0,10,0
5.81,1.49,2,-2,20,0,18,-2,10,0,10,0
1.59,4.85,2,-2,19,0,20,0,10,0,10,0
5.36,1.68,2,-2,17,-2,19,0,9,0,9,0
2.5,2.78,2,-2,20,0,20,0,10,0,10,0
2.15,3.34,2,-2,20,0,20,0,10,0,10,0
1.44,6.72,2,-2,18,0,18,0,10,0,10,0
2.18,3.2,2,-2,19,0,20,0,10,0,10,0
2.81,2.46,2,-2,18,0,20,0,8,0,10,0
1.93,3.94,2,-2,19,0,20,0,10,0,10,0
2.02,3.65,2,-2,18,0,18,0,10,0,10,0
1.78,4.25,2,-2,20,0,19,0,10,0,9,0
2.33,2.72,2,-2,20,0,19,0,10,0,10,0
1.36,7.35,2,-2,18,-2,19,0,8,-2,10,0
3.73,1.95,2,-2,19,0,18,0,9,0,10,0
2.72,2.42,2,-2,20,0,20,0,10,0,10,0
3.38,1.97,2,-2,18,0,18,-2,10,0,10,0
2.3,3.12,2,-2,19,0,20,0,10,0,10,0
1.75,4.05,2,-2,20,0,20,0,10,0,10,0
3.09,2.29,2,-2,18,0,19,0,8,0,10,0
2.7,2.63,2,-2,18,0,19,0,10,0,9,0
2.06,3.54,2,-2,20,0,20,0,10,0,10,0
1.94,3.92,2,-2,20,0,19,0,10,0,9,0
1.31,8.18,2,-2,19,0,20,0,10,0,10,0
2.48,2.98,2,-2,18,0,19,0,8,0,9,0
3.47,1.93,2,-2,20,0,19,0,10,0,10,0
5.02,1.66,2,-2,19,0,19,0,10,0,9,0
1.73,4.02,2,-2,19,0,18,0,9,0,8,0
3.2,2.19,1,-1,19,0,20,0,10,0,10,0
2.47,2.92,2,-2,20,0,18,0,10,0,10,0
2.9,2.46,2,-2,19,0,20,0,9,0,10,0
1.32,8.38,2,-2,20,0,19,0,8,-2,9,0
1.87,4.08,2,-2,20,0,18,0,10,0,10,0
2.59,2.65,2,-2,20,0,20,0,10,0,10,0
1.49,5.75,2,-2,20,0,20,0,10,0,10,0
1.22,12.22,2,-2,19,0,19,0,10,0,10,0
2.57,2.67,2,-2,20,0,18,0,10,0,8,0
2.35,2.82,2,-2,19,0,20,0,9,0,10,0
6.5,1.42,2,-2,19,0,19,0,9,0,9,0
1.31,8.49,2,-2,20,0,20,0,10,0,10,0
1.34,8.29,2,-2,20,0,19,0,10,0,10,0
1.95,4.2,2,-2,19,0,18,0,10,0,10,0
3.11,2.16,1,-1,20,0,18,0,10,0,9,0
2.62,2.66,2,-2,18,0,18,0,9,0,8,0
3.06,2.31,2,-2,20,0,19,0,10,0,9,0
1.95,3.8,2,-2,19,0,20,0,10,0,10,0
1.78,4.04,2,-2,20,0,20,0,10,0,10,0
1.38,6.79,2,-2,19,0,20,0,9,0,10,0
2.25,3.2,2,-2,20,0,19,0,10,0,10,0
2.07,3.5,2,-2,19,0,20,0,9,0,10,0
1.31,8.65,2,-2,19,0,20,0,9,0,10,0
1.53,5.83,2,-2,19,0,20,0,10,0,10,0
5.1,1.64,2,-2,19,0,19,0,9,0,10,0
1.64,4.86,2,-2,19,0,20,0,10,0,10,0
2.79,2.4,2,-2,20,0,19,0,10,0,10,0
1.74,4.61,2,-2,18,0,20,0,10,0,10,0
2.17,3.45,2,-2,20,0,19,0,10,0,9,0
8.84,1.29,2,-2,18,0,19,0,8,0,10,0
2.07,3.34,2,-2,19,0,20,0,9,0,10,0
1.9,4.09,2,-2,20,0,20,0,10,0,10,0
2.13,3.28,2,-2,20,0,18,0,10,0,9,0
4.89,1.6,2,-2,20,0,20,0,10,0,10,0
1.94,3.4,2,-2,19,0,19,0,10,0,10,0
2.65,2.49,2,-2,18,0,19,0,10,0,10,0
5.14,1.58,2,-2,20,0,20,0,10,0,10,0
2.16,3.08,2,-2,20,0,18,0,10,0,8,0
2.83,2.49,2,-2,18,0,20,0,9,0,10,0
2.33,3.04,2,-2,20,0,20,0,10,0,10,0
4.11,1.81,2,-2,20,0,20,0,10,0,10,0
2.41,2.81,2,-2,19,0,19,0,9,0,10,0
2.06,3.49,2,-2,20,0,20,0,10,0,10,0
1.64,4.7,2,-2,19,0,20,0,10,0,10,0
1.71,4.04,2,-2,20,0,20,0,10,0,10,0
1.36,8,2,-2,20,0,19,0,10,0,10,0
2.71,2.4,2,-2,19,0,20,0,9,0,10,0
4.3,1.7,2,-2,20,0,19,0,10,0,9,0
4.02,1.76,2,-2,18,0,20,0,10,0,10,0
1.23,10.53,2,-2,20,0,19,0,10,0,10,0
1.72,4.12,2,-2,20,0,20,0,10,0,10,0
2.05,3.23,2,-2,18,0,20,0,10,0,10,0
1.62,4.63,2,-2,20,0,20,0,10,0,10,0
3.82,1.79,2,-2,20,0,19,0,10,0,10,0
2.15,3.15,2,-2,20,0,20,0,10,0,10,0
3.27,2.16,1,-1,20,0,20,0,9,0,10,0
2.02,3.48,2,-2,20,0,20,0,10,0,10,0
1.44,7.57,2,-2,20,0,20,0,10,0,10,0
2.34,2.93,2,-2,20,0,19,0,10,0,9,0
1.53,5.38,2,-2,19,0,20,0,10,0,10,0
2.36,2.71,2,-2,19,0,19,0,9,0,9,0
3.16,2.2,2,-2,19,0,20,0,10,0,10,0
2.81,2.48,2,-2,20,0,20,0,10,0,10,0
1.57,5.44,2,-2,20,0,19,0,10,0,9,0
1.69,4.8,2,-2,20,0,20,0,10,0,10,0
2.24,3.18,2,-2,20,0,20,0,10,0,10,0
3.1,2.25,2,-2,20,0,20,0,10,0,10,0
2.15,3.32,2,-2,20,0,1,-4,10,0,0,-4
2.65,2.72,2,-2,20,0,20,0,10,0,10,0
1.68,4.74,2,-2,20,0,20,0,10,0,10,0
2.89,2.49,2,-2,19,0,20,0,10,0,10,0
2.36,3.14,2,-2,20,0,20,0,10,0,10,0
2.47,2.76,2,-2,20,0,18,0,10,0,8,0
2.71,2.61,2,-2,19,0,20,0,9,0,10,0
1.72,4.53,2,-2,19,0,20,0,9,0,10,0
2.67,2.54,2,-2,20,0,20,0,10,0,10,0
3.44,2.05,1,-1,20,0,20,0,10,0,10,0
3.69,1.93,2,-2,3,-3,20,0,1,0,10,0
2.65,2.64,0,0,20,0,20,0,10,0,10,0
1.98,3.69,2,-2,20,0,20,0,10,0,10,0
2.76,2.35,2,-2,20,0,20,0,10,0,10,0
1.68,4.81,2,-2,20,0,20,0,10,0,10,0
2.35,2.92,2,-2,19,0,20,0,10,0,10,0
2.02,3.82,2,-2,20,0,20,0,10,0,10,0
1.55,5.63,2,-2,20,0,19,0,10,0,9,0
2.2,3.17,2,-2,20,0,19,0,10,0,10,0
3.76,1.96,1,-1,19,0,19,0,9,0,9,0
2.51,2.66,2,-2,20,0,19,0,10,0,8,0
2.38,2.97,2,-2,20,0,20,0,10,0,10,0
1.67,4.71,2,-2,20,0,20,0,10,0,10,0
1.89,4,2,-2,18,0,5,-2,8,0,2,-3
2.86,2.37,2,-2,20,0,19,0,10,0,9,0
2.61,2.54,2,-2,19,0,20,0,10,0,10,0
2.5,2.76,2,-2,20,0,20,0,10,0,10,0
2.57,2.74,2,-2,18,0,19,0,10,0,10,0
1.99,3.69,2,-2,20,0,19,0,10,0,9,0
1.89,3.83,2,-2,19,0,20,0,10,0,10,0
3.54,2.01,1,-1,19,0,20,0,10,0,10,0
2.03,3.57,2,-2,20,0,20,0,10,0,10,0
1.89,3.7,2,-2,19,0,19,0,10,0,9,0
2.8,2.51,2,-2,7,-2,20,0,3,0,10,0
1.37,7.67,2,-2,18,0,20,0,10,0,10,0
3.13,2.09,1,-1,20,0,18,0,10,0,8,0
2.38,3.03,2,-2,20,0,18,0,10,0,10,0
1.86,4.13,2,-2,19,0,20,0,9,0,10,0
1.79,4.07,2,-2,20,0,18,0,10,0,10,0
3.21,2.15,1,-1,20,0,20,0,10,0,10,0
2.45,2.92,2,-2,20,0,19,0,10,0,9,0
1.61,5.25,2,-2,18,0,20,0,10,0,10,0
2.35,2.93,2,-2,20,0,20,0,10,0,10,0
2.25,3.12,2,-2,18,0,20,0,8,0,10,0
4.81,1.66,2,-2,19,0,19,0,9,0,9,0
2.25,3.19,2,-2,9,-2,18,0,5,0,9,0
2.47,2.74,2,-2,18,0,19,0,8,0,9,0
1.49,5.95,2,-2,19,0,20,0,10,0,10,0
2.24,3.1,2,-2,20,0,20,0,10,0,10,0
2.11,3.36,2,-2,17,0,19,0,10,0,10,0
2.06,3.3,2,-2,20,0,18,0,10,0,10,0
2.35,3.05,2,-2,20,0,20,0,10,0,10,0
2.57,2.62,2,-2,19,0,19,0,10,0,9,0
1.38,7.24,2,-2,19,0,19,0,9,0,10,0
5.08,1.66,2,-2,18,0,18,0,9,0,8,0
1.46,6.58,2,-2,20,0,8,0,10,0,4,0
1.78,4.31,2,-2,20,0,10,0,10,0,4,0
1.86,3.8,2,-2,19,0,20,0,10,0,10,0
1.95,3.76,2,-2,19,0,18,0,10,0,10,0
1.72,4.55,2,-2,19,0,11,-1,10,0,4,-2
2.84,2.44,2,-2,20,0,20,0,10,0,10,0
3.67,1.92,2,-2,19,0,19,0,9,0,9,0
1.97,3.74,2,-2,20,0,20,0,10,0,10,0
2.8,2.47,2,-2,19,0,19,0,9,0,10,0
2.73,2.5,2,-2,12,-1,20,0,6,0,10,0
1.59,5.02,2,-2,19,0,17,0,10,0,7,0
4.17,1.78,2,-2,7,0,19,0,3,0,9,0
1.57,5.34,2,-2,18,0,20,0,10,0,9,0
2.98,2.28,2,-2,18,0,19,0,8,0,9,0
3.29,2.13,1,-1,8,0,20,0,4,0,10,0
1.81,4.2,2,-2,19,0,18,0,9,0,9,0
1.96,4.05,2,-2,20,0,20,0,10,0,10,0
2.37,2.81,2,-2,20,0,20,0,10,0,10,0
3.54,2.02,1,-1,20,0,18,0,10,0,8,0
1.65,4.84,2,-2,19,0,5,0,10,0,4,0
1.63,5.22,2,-2,19,0,14,-1,10,0,6,-1
2.04,3.49,2,-2,20,0,20,0,10,0,10,0
1.43,6.59,2,-2,19,0,19,0,10,0,10,0
3.16,2.37,2,-2,18,0,20,0,9,0,10,0
2.5,2.74,2,-2,20,0,19,0,10,0,10,0
2.36,2.92,2,-2,19,0,19,0,9,0,9,0
2.5,2.77,2,-2,20,0,18,0,10,0,10,0
1.81,4.17,2,-2,17,0,6,0,10,0,4,0
1.73,4.49,2,-2,19,0,20,0,10,0,10,0
2.09,3.35,2,-2,20,0,19,0,10,0,10,0
3.04,2.34,2,-2,19,0,17,0,10,0,7,0
2.5,2.78,2,-2,4,0,3,0,2,0,2,0
2,3.47,2,-2,19,0,19,0,9,0,10,0
1.77,4.79,2,-2,19,0,20,0,10,0,10,0
1.75,4.64,2,-2,20,0,19,0,10,0,10,0
3.08,2.2,2,-2,19,0,20,0,9,0,10,0
1.94,3.76,2,-2,19,0,19,0,10,0,9,0
3.47,1.98,1,-1,18,0,19,0,8,0,9,0
1.86,4.3,2,-2,19,0,20,0,9,0,10,0
2.23,3.17,2,-2,16,-1,20,0,8,0,10,0
2.24,3.08,2,-2,20,0,17,0,10,0,7,0
1.7,4.73,2,-2,20,0,18,0,10,0,9,0
1.87,4.05,2,-2,17,0,19,0,10,0,9,0
2.93,2.41,2,-2,20,0,20,0,10,0,10,0
1.97,3.64,2,-2,19,0,17,0,10,0,10,0
3.73,1.99,1,-1,2,0,19,0,1,0,10,0
2.02,3.39,2,-2,18,0,19,0,9,0,10,0
2.11,3.29,2,-2,20,0,20,0,10,0,10,0
1.63,4.92,2,-2,18,0,20,0,10,0,10,0
2.51,2.6,2,-2,17,0,19,0,10,0,10,0
1.98,4.03,2,-2,20,0,18,0,10,0,8,-1
1.84,4.08,2,-2,20,0,2,0,10,0,2,0
2.56,2.84,2,-2,19,0,19,0,9,0,9,0
2.84,2.38,2,-2,19,0,19,0,9,0,9,0
2.05,3.56,2,-2,19,0,20,0,9,0,10,0
1.84,4.11,2,-2,19,0,18,0,9,0,10,0
1.31,9.02,-2,2,17,0,17,0,10,0,10,0
2.8,2.53,2,-2,20,0,19,0,10,0,10,0
2.32,2.97,2,-2,17,0,20,0,10,0,10,0
2.59,2.7,2,-2,18,0,20,0,8,0,10,0
2.87,2.41,2,-2,20,0,20,0,10,0,10,0
1.57,5.44,2,-2,20,0,19,0,10,0,10,0
2.93,2.39,2,-2,19,0,19,0,9,0,9,0
2.66,2.66,0,0,20,0,18,0,10,0,9,0
2.53,2.74,2,-2,19,0,19,0,10,0,9,0
1.92,3.78,2,-2,18,0,19,0,10,0,9,0
3.53,2.04,1,-1,18,0,19,0,8,0,10,0
4.04,1.87,2,-2,20,0,15,-2,10,0,7,0
2.32,2.96,2,-2,15,-2,18,0,7,0,10,0
2.26,3.03,2,-2,20,0,19,0,10,0,9,0
2.25,3.09,2,-2,20,0,19,0,10,0,10,0
1.54,5.77,2,-2,19,0,18,0,10,0,10,0
1.7,4.82,2,-2,19,0,17,0,10,0,7,0
2.89,2.41,2,-2,19,0,20,0,9,0,10,0
1.79,4.44,2,-2,16,0,19,0,9,0,10,0
1.67,5.36,2,-2,19,0,20,0,10,0,10,0
2.49,2.88,2,-2,20,0,20,0,10,0,10,0
2.84,2.35,2,-2,19,0,18,0,9,0,8,0
2.59,2.66,2,-2,20,0,17,0,10,0,7,0
2.71,2.62,2,-2,18,0,19,0,8,0,9,0
3.07,2.36,2,-2,18,0,20,0,8,0,10,0
2.3,3.04,2,-2,19,0,20,0,10,0,10,0
2.29,2.94,2,-2,19,0,19,0,9,0,10,0
1.77,4.12,2,-2,18,0,20,0,10,0,10,0
1.13,16.93,2,-2,16,-2,19,0,8,-2,10,0
1.86,4.09,2,-2,18,0,17,-2,9,0,8,-2
3.67,2.01,1,-1,20,0,19,0,10,0,9,0
2.53,2.87,2,-2,20,0,20,0,10,0,10,0
1.63,4.92,2,-2,19,0,18,0,9,0,10,0
2.73,2.8,2,-2,20,0,19,0,10,0,9,0
3.06,2.28,2,-2,20,0,19,0,10,0,9,0
2.11,3.4,2,-2,19,0,19,0,10,0,10,0
2.89,2.43,2,-2,18,0,19,0,8,0,10,0
3.97,1.85,2,-2,19,0,18,0,9,0,8,0
1.96,3.65,2,-2,20,0,17,-2,10,0,8,-2
2.34,2.84,2,-2,19,0,18,0,9,0,10,0
2.12,3.33,2,-2,18,0,19,0,8,0,9,0
1.55,5.97,2,-2,20,0,20,0,10,0,10,0
4.47,1.83,2,-2,20,0,17,-2,10,0,8,0
1.86,4.02,2,-2,20,0,19,0,10,0,10,0
2.76,2.69,2,-2,20,0,18,0,10,0,9,0
2.43,3.03,2,-2,17,0,19,0,10,0,9,0
1.73,4.68,2,-2,17,-2,18,0,9,0,10,0
2.35,2.95,2,-2,20,0,18,0,10,0,10,0
2.33,3.14,2,-2,20,0,20,0,10,0,10,0
1.6,5.13,2,-2,19,0,20,0,10,0,10,0
2.18,3.26,2,-2,19,0,20,0,9,0,10,0
1.69,4.69,2,-2,20,0,20,0,10,0,10,0
2.18,3.34,2,-2,19,0,20,0,10,0,10,0
2.85,2.53,2,-2,19,0,20,0,8,0,10,0
1.26,10.8,2,-2,17,-2,19,0,8,-2,10,0
1.76,4.61,2,-2,19,0,19,0,10,0,9,0
2.91,2.41,2,-2,19,0,17,0,9,0,7,0
1.95,3.97,2,-2,19,0,20,0,10,0,10,0
3.12,2.18,1,-1,20,0,17,-2,10,0,8,-2
2.5,2.81,-1,1,20,0,20,0,10,0,10,0
2.01,3.69,2,-2,19,0,20,0,10,0,10,0
2.81,2.62,2,-2,20,0,19,0,10,0,9,0
2.75,2.49,2,-2,19,0,20,0,9,0,10,0
4.64,1.71,2,-2,18,0,19,0,8,0,9,0
2.35,3.18,2,-2,20,0,20,0,10,0,10,0
1.87,4.02,2,-2,17,0,19,0,10,0,10,0
2.19,3.57,2,-2,20,0,19,0,10,0,9,0
2.09,3.46,2,-2,20,0,20,0,10,0,10,0
4.22,1.85,2,-2,20,0,17,-2,10,0,9,0
1.42,7.48,1,-1,18,-1,18,0,10,0,10,0
2.18,3.39,2,-2,19,0,18,-1,10,0,10,0
1.98,3.74,2,-2,20,0,20,0,10,0,10,0
2.32,3.01,2,-2,16,-2,20,0,9,0,10,0
1.43,6.75,2,-2,19,0,19,0,9,0,10,0
2.38,2.98,2,-2,20,0,19,0,10,0,9,0
2.16,3.42,2,-2,19,0,17,0,10,0,7,0
2,3.75,2,-2,20,0,19,0,10,0,10,0
1.7,4.57,2,-2,19,0,18,0,10,0,10,0
1.45,7.47,1,-1,17,-2,20,0,8,-2,10,0
2.57,2.83,2,-2,20,0,20,0,10,0,10,0
2.02,3.79,2,-2,17,-1,19,0,9,0,9,0
1.8,4.34,2,-2,16,-2,19,0,9,0,10,0
3.61,2.08,1,-1,18,0,20,0,9,0,10,0
1.62,4.99,2,-2,19,0,20,0,10,0,10,0
4.75,1.69,2,-2,18,0,16,-2,8,0,9,0
3.16,2.28,2,-2,20,0,20,0,10,0,10,0
1.7,4.64,2,-2,18,-1,20,0,8,-1,10,0
2.1,3.29,2,-2,19,0,19,0,9,0,9,0
1.37,7.65,2,-2,20,0,19,0,10,0,10,0
3.06,2.36,2,-2,20,0,17,0,10,0,7,0
1.81,4.23,2,-2,20,0,19,0,10,0,10,0
2.5,2.94,2,-2,20,0,19,0,10,0,9,0
2.45,2.93,2,-2,20,0,19,0,10,0,9,0
2.04,3.74,2,-2,19,0,20,0,10,0,10,0
1.35,8.96,1,-1,17,-2,20,0,7,-2,10,0
1.7,4.65,2,-2,19,0,20,0,10,0,10,0
2.87,2.55,2,-2,19,0,18,-1,10,0,10,0
3.46,2.1,1,-1,19,0,20,0,9,0,10,0
3.34,2.08,1,-1,19,0,20,0,9,0,10,0
2.54,2.65,2,-2,20,0,18,0,10,0,10,0
2.3,3.04,2,-2,19,0,20,0,10,0,10,0
2.37,3,2,-2,17,0,17,-1,10,0,8,-1
1.91,4.08,2,-2,19,0,19,0,10,0,9,0
3.12,2.23,2,-2,18,0,19,0,8,0,9,0
4.47,1.75,2,-2,19,0,20,0,9,0,10,0
1.64,6.03,2,-2,20,0,19,0,10,0,9,0
2.26,3.18,2,-2,19,0,18,0,10,0,10,0
1.97,3.79,2,-2,19,0,20,0,10,0,10,0
1.74,4.47,2,-2,16,-2,20,0,6,-2,9,0
2.35,3.2,2,-2,20,0,20,0,10,0,10,0
2.35,2.91,2,-2,20,0,16,-2,10,0,7,-2
1.91,3.99,2,-2,18,0,17,0,8,0,9,0
2.89,2.55,2,-2,19,0,17,-1,10,0,8,-1
2.41,2.9,2,-2,17,0,18,-1,10,0,10,0
1.98,3.91,2,-2,19,0,18,0,10,0,10,0
1.7,4.49,2,-2,18,-1,20,0,8,-1,10,0
1.78,4.52,2,-2,19,0,18,0,10,0,10,0
5.86,1.57,2,-2,20,0,16,-2,10,0,10,0
1.64,5.25,2,-2,20,0,19,0,10,0,9,0
3.57,2.1,1,-1,17,0,19,0,9,0,9,0
2.22,3.17,2,-2,18,0,19,0,8,0,9,0
2.02,3.57,2,-2,20,0,20,0,10,0,10,0
2.71,2.6,2,-2,20,0,19,0,10,0,9,0
1.31,8.65,-2,2,17,-1,19,0,9,0,10,0
2.57,2.76,2,-2,17,-2,18,0,9,0,8,0
2.79,2.59,2,-2,19,0,20,0,10,0,10,0
2.11,3.67,2,-2,19,0,19,0,10,0,9,0
4.16,1.81,2,-2,18,0,18,-1,8,0,10,0
2.44,2.87,2,-2,20,0,20,0,10,0,10,0
1.78,4.38,2,-2,18,0,20,0,10,0,10,0
1.16,16.63,-2,2,18,0,17,0,8,0,9,0
2.36,3.21,2,-2,19,0,18,0,10,0,10,0
1.88,4.04,2,-2,19,0,19,0,10,0,9,0
1.71,5,2,-2,20,0,17,-2,10,0,7,-2
5.56,1.5,2,-2,17,-2,20,0,9,0,10,0
2.66,2.82,2,-2,18,0,20,0,8,0,10,0
3.1,2.32,2,-2,20,0,15,-3,10,0,8,-1
2.2,3.38,2,-2,20,0,19,0,10,0,9,0
1.84,4.13,2,-2,19,0,18,0,10,0,10,0
2.7,2.73,2,-2,15,-2,20,0,8,0,10,0
2.27,3.33,2,-2,19,0,19,0,10,0,9,0
2.89,2.47,2,-2,20,0,19,0,8,0,9,0
2.05,3.62,2,-2,19,0,19,0,10,0,9,0
2.38,3.19,2,-2,15,-3,20,0,7,-2,10,0
2.28,3.16,2,-2,20,0,20,0,10,0,10,0
1.29,8.75,-2,2,18,-1,17,-2,8,-1,8,-2
1.79,4.16,2,-2,20,0,19,0,10,0,8,0
1.87,4.13,2,-2,20,0,18,0,10,0,10,0
2.9,2.62,2,-2,19,0,20,0,10,0,10,0
6.68,1.46,2,-2,20,0,16,-2,10,0,10,0
2.03,3.73,2,-2,15,-3,20,0,7,-2,10,0
1.65,4.98,2,-2,19,0,19,0,10,0,10,0
2.77,2.65,2,-2,20,0,19,0,10,0,9,0
1.9,3.88,2,-2,15,-2,15,-4,8,0,6,-4
1.97,3.81,2,-2,20,0,20,0,10,0,10,0
2.02,3.61,2,-2,20,0,19,0,10,0,9,0
1.84,4.29,2,-2,16,-3,19,0,6,-3,9,0
1.81,4.29,2,-2,19,0,20,0,10,0,10,0
3.22,2.2,1,-1,20,0,20,0,10,0,10,0
1.62,5.36,2,-2,19,0,18,0,10,0,10,0
5.73,1.59,2,-2,19,0,16,-2,10,0,10,0
2.58,2.77,2,-2,20,0,20,0,10,0,10,0
4.57,1.71,2,-2,15,-4,19,0,9,0,9,0
2.54,2.81,2,-2,19,0,19,0,9,0,9,0
1.76,4.91,2,-2,19,0,15,-2,10,0,7,-2
2.62,2.62,0,0,19,0,19,0,10,0,9,0
3.19,2.23,2,-2,19,0,20,0,8,0,10,0
1.5,6.45,1,-1,20,0,19,0,10,0,10,0
2.05,3.88,2,-2,19,0,19,0,10,0,9,0
1.94,4.11,2,-2,20,0,20,0,10,0,10,0
3.22,2.25,2,-2,20,0,16,-3,10,0,10,0
1.3,9.71,-2,2,16,-2,20,0,6,-2,10,0
3,2.25,2,-2,20,0,20,0,10,0,10,0
2.06,3.61,2,-2,19,0,15,-3,10,0,8,-1
3.42,2.3,2,-2,18,-2,19,0,10,0,10,0
2.3,3.13,2,-2,20,0,20,0,10,0,10,0
1.6,4.86,2,-2,18,0,15,-4,9,0,6,-4
6.31,1.52,2,-2,20,0,14,-4,10,0,10,0
2.67,2.64,2,-2,19,0,15,-3,10,0,8,-1
1.92,4.14,2,-2,20,0,15,-2,10,0,7,-2
1.54,5.69,2,-2,20,0,20,0,10,0,10,0
2.29,3.37,2,-2,19,0,19,0,10,0,9,0
1.81,4.57,2,-2,19,0,19,0,10,0,9,0
2.07,3.48,2,-2,17,0,16,-3,10,0,10,0
1.48,6.32,2,-2,19,0,19,0,10,0,10,0
2.42,3.03,2,-2,19,0,17,0,9,0,9,0
2.23,3.24,2,-2,15,-4,15,-2,9,0,7,-2
2.28,3.13,2,-2,20,0,19,0,10,0,9,0
1.7,4.82,2,-2,18,-2,19,0,10,0,10,0
2.22,3.45,2,-2,19,0,19,0,9,0,9,0
2.12,3.71,2,-2,19,0,20,0,10,0,10,0
2.7,2.72,2,-2,20,0,20,0,10,0,10,0
2.66,2.63,2,-2,16,-4,19,0,9,0,10,0
2.03,3.7,2,-2,19,0,20,0,10,0,9,0
2.42,2.96,2,-2,18,-2,19,0,6,-3,9,0
1.99,3.75,2,-2,17,-2,17,0,7,-2,7,0
1.91,3.98,2,-2,20,0,18,0,10,0,9,0
3.24,2.3,2,-2,15,-2,18,-2,8,0,8,-2
2.01,3.99,2,-2,17,0,20,0,8,0,10,0
3.92,1.87,1,-1,19,0,20,0,9,0,10,0
1.38,7.62,1,-1,14,-4,19,0,4,-4,9,0
2.63,2.73,2,-2,20,0,18,-2,10,0,10,0
3.9,1.95,2,-2,19,0,19,0,10,0,9,0
2.2,3.41,2,-2,20,0,19,0,10,0,10,0
2.47,2.85,2,-2,18,-2,18,-2,10,0,10,0
2.1,3.57,2,-2,20,0,20,0,10,0,10,0
3.2,2.37,2,-2,16,-2,18,0,8,0,10,0
1.9,3.91,2,-2,19,0,20,0,10,0,10,0
2.24,3.76,2,-2,19,0,20,0,10,0,10,0
1.33,8.86,1,-1,14,-4,17,0,4,-4,7,0
2.34,3.11,2,-2,18,0,19,0,10,0,9,0
2.42,2.98,2,-2,18,0,18,0,8,0,9,0
5.74,1.59,2,-2,16,-4,19,0,10,0,10,0
1.71,4.9,2,-2,18,-2,20,0,8,-2,10,0
2.21,3.29,2,-2,18,0,17,-2,9,0,8,-2
2.11,3.46,2,-2,16,0,20,0,10,0,10,0
2.01,4.41,2,-2,18,0,20,0,8,0,9,0
2.08,3.79,2,-2,20,0,19,0,10,0,9,0
1.76,4.4,2,-2,18,-2,20,0,8,-2,10,0
1.22,12.18,-2,2,19,0,16,-4,10,0,6,-4
1.59,5.7,2,-2,20,0,19,0,10,0,10,0
3.34,2.16,1,-1,20,0,19,0,10,0,9,0
1.82,4.63,2,-2,19,0,18,-2,10,0,8,-2
2.49,2.87,2,-2,19,0,18,0,9,0,8,0
3.19,2.35,2,-2,19,0,13,-4,9,0,10,0
2.42,3.22,2,-2,19,0,20,0,9,0,10,0
